,PR,entropy,spectral_decay,eff_rank_95,top5_ratio,mean_pairwise_dist,total_variance
A,0.6308485767574551,0.7972417931755275,0.2353151747149288,1.0,0.8333814702074995,0.0001793350899769175,0.00039619850767935727
C,0.4890294418302682,0.8367691791838737,0.690504357649268,1.0,0.9329318408949587,0.000717609712114653,5.853102877362293e-05
D,0.6777260870685096,0.7499291291662395,0.7433344965868068,1.0,0.8115032031051151,0.054703255865065414,7.105944716390145e-05
E,0.6753571119589918,0.776626128315694,0.4220855651089971,0.32452465945704656,0.7918218597244006,0.006805618749386344,0.008741840059108719
F,0.6457358809216116,0.8720195076492446,0.9355169327577088,1.0,0.8695963963269064,7.003543711525673e-05,0.00016525815827428403
G,0.6642860093006808,0.8016262669034506,0.637842618896606,1.0,0.9253995700725266,0.0017768483964389903,0.0012833389005084683
H,0.7114760183120395,0.8901271420206492,0.7361166007036587,1.0,0.9290652689150457,0.00023618935310454336,5.28604290228607e-07
I,0.6421281210853341,0.8195224563954586,0.8017670670330723,1.0,0.7938901397286038,0.022935242827871627,0.08641360692809452
K,0.8588240896429783,0.9290101856942115,0.5839187487022024,0.8075161465184829,0.9103549650207896,0.29318684726039723,0.6001474857949611
L,0.7008422175703595,0.8248977147537533,0.6917273269875395,0.32452465945704656,0.7314660849867183,0.24530920169921722,0.3507313582300067
M,0.5943520527909081,0.7905996490230913,0.6825424688039488,1.0,0.8621849861179779,0.0019300728003988077,0.0002923478135573587
N,0.7445857221242123,0.8987997000370861,0.7069270145876752,1.0,0.8936526521174584,6.256166034535049e-05,0.0016723226992181317
P,0.7604524453006875,0.8025340611100914,0.7979200668794468,0.0054853248787412046,0.8358341322561819,0.011818142227423278,0.09132988326719749
Q,0.7279450774863964,0.8192356094513725,0.7140781339286255,1.0,0.865801960902521,0.00017068043688295287,0.01586561186847657
R,0.6543168164226468,0.7818291347336892,0.31711007591675433,1.0,0.9087828281597441,4.1825108272552924e-05,4.1668516727044747e-05
S,0.7576069135002628,0.8572014740411386,0.4859542945346115,1.0,0.8615230654805038,0.028962827664888557,0.06854678769658784
T,0.2600885308915478,0.5147244903943234,0.7216873029900019,1.0,0.8481454112917497,0.0018066287142392001,0.0008854642259928935
V,0.5602208962772522,0.8362159578093729,0.42523902557585547,1.0,0.9023202293218576,0.0003395283856820752,0.001087590617662726
W,0.7710383420496756,0.8755137450054941,0.8613649410463945,1.0,0.8661946333586743,0.00040971493800345815,0.0007196716889330546
Y,0.6638715484093911,0.7756135589823271,0.6065342092147019,1.0,0.8666919569607757,8.597402511234531e-05,0.0001796053391730501
