n,source_aa,target_aa,perturbation,raw_norm_sq,C_geo,z_norm,bare_vector_norm
2,G,S,G→S,4.75860071182251,63.01059075588049,1.4178394079208374,7.937921186692957
2,G,E,G→E,7.628867149353027,98.16732493315689,2.223914384841919,9.907942767242476
2,G,L,G→L,10.297780990600586,87.21442817860655,2.9273734092712402,9.338866994883375
2,G,K,G→K,7.727910041809082,98.20255683066483,2.3616604804992676,9.909720601919346
3,G,S,G→S,6.062718391418457,32.06062258004077,2.275359630584717,5.662210500970656
3,G,E,G→E,10.85677719116211,73.88374562232288,3.40320086479187,8.595566136334394
3,G,L,G→L,18.992916107177734,71.62275955921827,4.145224571228027,8.46302408965658
3,G,K,G→K,11.067523956298828,51.615230917012155,2.9179863929748535,7.184374672277122
5,G,S,G→S,7.757302284240723,225.38980792831035,3.8655219078063965,15.01298847233852
5,G,E,G→E,18.93391227722168,344.0433631451427,5.2512125968933105,18.54840668953465
5,G,L,G→L,32.66375732421875,395.97514970850557,5.974660873413086,19.89912524220799
5,G,K,G→K,18.656116485595703,293.5490087252221,4.811089038848877,17.13327265503581
8,G,S,G→S,9.029241561889648,597.3867168143815,4.32465934753418,24.441496180002147
8,G,E,G→E,26.701045989990234,972.166147736559,6.029511451721191,31.17957960094344
8,G,L,G→L,41.34590148925781,1269.2080751612668,6.903041362762451,35.625947325134305
8,G,K,G→K,26.56675910949707,927.7772913748241,5.89939546585083,30.459437391023627
10,G,S,G→S,9.601984024047852,707.3279086299945,4.318164825439453,26.59563737300806
10,G,E,G→E,29.772878646850586,1329.1595485615292,6.367159843444824,36.45764102492445
10,G,L,G→L,44.419586181640625,1661.5482545456816,7.029728412628174,40.7620939594958
10,G,K,G→K,30.169448852539062,1350.2319142142007,6.267630577087402,36.74550249346705
12,G,S,G→S,9.802566528320312,726.7488526253553,4.124634265899658,26.958280168400233
12,G,E,G→E,30.041481018066406,1306.1202171722566,6.208369255065918,36.14028577247427
12,G,L,G→L,44.08943176269531,1595.750549109394,6.665847301483154,39.94684710390682
12,G,K,G→K,32.21106719970703,1312.1604400686977,6.0979533195495605,36.22375570331888
15,G,S,G→S,9.755596160888672,635.6353881958267,3.84771466255188,25.21181078385156
15,G,E,G→E,30.45977783203125,1160.0361187861217,5.667652606964111,34.0593034413272
15,G,L,G→L,42.87002182006836,1163.9871895334365,5.882472515106201,34.1172569843608
15,G,K,G→K,31.826833724975586,1110.9882809525793,5.584636211395264,33.33149129788132
20,G,S,G→S,10.022345542907715,744.1341634261854,3.5759565830230713,27.27882285241891
20,G,E,G→E,29.984024047851562,2045.2810687884062,5.912222862243652,45.22478417574578
20,G,L,G→L,40.53968048095703,2480.2193958686853,6.256083965301514,49.80180152371266
20,G,K,G→K,30.890586853027344,1959.971546036853,5.841062545776367,44.271566271760285
25,G,S,G→S,9.88670825958252,1978.2560281614549,4.444938659667969,44.47759040144753
25,G,E,G→E,28.048816680908203,4724.097403667362,6.960850715637207,68.73207004099916
25,G,L,G→L,36.66881561279297,5322.0768251768295,7.437948226928711,72.95256596241089
25,G,K,G→K,27.710487365722656,4675.621404408679,6.997920989990234,68.37851602206348
30,G,S,G→S,9.505194664001465,2657.1770520618807,4.5825910568237305,51.54781346538396
30,G,E,G→E,26.15708351135254,5415.436438805089,6.994444370269775,73.58964932466613
30,G,L,G→L,33.79967498779297,6154.87228930129,7.42545223236084,78.45299448994045
30,G,K,G→K,25.340848922729492,5233.678840098043,7.014496803283691,72.34416969805652
35,G,S,G→S,9.050742149353027,1343.9600086078458,3.6886439323425293,36.66006031383386
35,G,E,G→E,24.55011749267578,2746.0585544404394,5.830345630645752,52.40284904881951
35,G,L,G→L,30.849105834960938,2831.8866077021476,6.176367282867432,53.215473744482004
35,G,K,G→K,23.062835693359375,2609.460365289441,5.894740104675293,51.08287775798657
40,G,S,G→S,8.55923080444336,1490.9693499414175,4.039425373077393,38.613072478868766
40,G,E,G→E,23.036327362060547,2870.9713219946116,6.065054893493652,53.581446031061
40,G,L,G→L,28.62211036682129,2922.3001602124145,6.326702117919922,54.058303712191844
40,G,K,G→K,21.523639678955078,2667.0745985486797,6.049046516418457,51.643727936116704
45,G,S,G→S,8.254558563232422,1721.8136266507363,4.155291557312012,41.49474236475248
45,G,E,G→E,22.128376007080078,2790.5591880068196,5.95166015625,52.82574394581751
45,G,L,G→L,26.941394805908203,3306.2202645140437,6.371424674987793,57.49974178297761
45,G,K,G→K,20.552997589111328,2709.620983652696,5.913303375244141,52.05402019652133
50,G,S,G→S,8.044865608215332,2488.4164654114124,3.6019551753997803,49.88403029412806
50,G,E,G→E,20.86096954345703,4788.951070474561,5.409914970397949,69.20224779399675
50,G,L,G→L,25.900827407836914,5586.011676404116,5.782385349273682,74.73962610182149
50,G,K,G→K,19.348922729492188,4798.928336450156,5.408677101135254,69.27429801668099
