seq_id,aa_type,n,C_geo_fullatom,PR_fullatom,PR_baseline_G,spectral_decay_fullatom,spectral_decay_baseline_G,delta_PR,delta_spectral_decay,sidechain_contribution,seq_id_ca,C_geo_Calpha,PR_Calpha,spectral_decay_Calpha,C_geo_ratio,C_geo_diff
PolyX_PolyA_4,A,4,2.409474869648475,5.580356641266161,1.5215512449090778,1.7957190015369764,3.4827775653685022,2.6675443301284423,0.4844003190462217,1.0,PolyX_PolyA_4,0.0029814163668539636,2.974911512307812,6.446544531609205,808.16179008673,2.406493453281621
PolyX_PolyE_4,E,4,17.979963571533602,1.531841645705203,1.5215512449090778,4.250370828337624,3.4827775653685022,0.006763098404050286,0.2203968667427386,1.0,PolyX_PolyE_4,0.004919787609818121,3.0529979553032613,6.5509815667725455,3654.6144775655316,17.975043783923784
PolyX_PolyF_4,F,4,3.7134285787808414,5.6314047772046845,1.5215512449090778,1.6307493000740176,3.4827775653685022,2.7010943903773654,0.5317675994328185,1.0,PolyX_PolyF_4,0.0018735683977959582,2.9545401736336285,6.446421192503302,1981.9979687795546,3.7115550103830452
PolyX_PolyI_4,I,4,1.473865831225599,4.402143059990434,1.5215512449090778,1.658288155082521,3.4827775653685022,1.8931940838137788,0.5238604464517209,1.0,PolyX_PolyI_4,0.002515049013010709,2.9766213394036622,6.585875149623176,586.0164010470968,1.4713507822125882
PolyX_PolyK_4,K,4,3.4879619821264973,5.853389430607476,1.5215512449090778,2.340147791294384,3.4827775653685022,2.8469880328987887,0.3280800317068827,1.0,PolyX_PolyK_4,0.005425976803000328,2.9914677886780976,6.284815412324966,642.8253714509241,3.482536005323497
PolyX_PolyL_4,L,4,0.28208648532559866,1.0694743243863591,1.5215512449090778,2.8038397937925787,3.4827775653685022,0.29711580338507304,0.1949414680762385,1.0,PolyX_PolyL_4,0.0007242687693211972,2.83378665391892,6.686957587884986,389.4722547092931,0.28136221655627747
PolyX_PolyS_4,S,4,0.13846770422064159,1.0092453270107706,1.5215512449090778,2.7597214411243587,3.4827775653685022,0.33669974613896136,0.2076090449858055,1.0,PolyX_PolyS_4,0.0006677775233533796,2.8929203160551973,6.889299047694056,207.35293694214064,0.13779992669728822
PolyX_PolyV_4,V,4,2.0636362410240254,5.1813523785373095,1.5215512449090778,1.5753618641174898,3.4827775653685022,2.4053091513502904,0.5476708361216271,1.0,PolyX_PolyV_4,0.0026832962982416076,2.9893932553302105,6.694224509844322,769.0647327054475,2.0609529447257837
PolyX_PolyA_5,A,5,1.6724540261643523,5.705165469162048,1.7885690104600065,1.6149188162834096,3.0682783134772995,2.1897933128645244,0.47367264267066705,1.0,PolyX_PolyA_5,0.0009238141746105205,3.0110672980766906,6.3229010235988,1810.3596681364722,1.6715302119897417
PolyX_PolyE_5,E,5,0.9140007282160554,3.398685645352422,1.7885690104600065,2.1321659352695725,3.0682783134772995,0.900226172697863,0.3050936983440804,1.0,PolyX_PolyE_5,0.0016663291296128001,2.9273492642174017,6.068770337304168,548.5082309916336,0.9123343990864425
PolyX_PolyF_5,F,5,5.202739122401345,8.022929772152281,1.7885690104600065,1.4459633677238162,3.0682783134772995,3.4856696751605036,0.5287378718636848,1.0,PolyX_PolyF_5,0.0010864125214709698,2.9500529532741693,6.033232170818468,4788.872671156576,5.201652709879874
PolyX_PolyI_5,I,5,2.489067552858249,6.555459936346803,1.7885690104600065,1.6923629691808826,3.0682783134772995,2.665198210417829,0.4484323792443337,1.0,PolyX_PolyI_5,0.0010169662456447578,2.9804904508343726,6.143817682943928,2447.517887972096,2.488050586612604
PolyX_PolyK_5,K,5,245.16125380028654,1.86589551983808,1.7885690104600065,4.243109983352047,3.0682783134772995,0.043233729828621885,0.38289605760805434,1.0,PolyX_PolyK_5,0.005746267445774492,3.210910543017809,6.384429022122808,42664.36072984348,245.15550753284077
PolyX_PolyL_5,L,5,33.08223597853682,1.0158656345432786,1.7885690104600065,3.413871787579448,3.0682783134772995,0.4320232383529861,0.11263433065512411,1.0,PolyX_PolyL_5,0.0011551975469610823,3.0455965658945123,6.3358322728338665,28637.48255935808,33.08108078098986
PolyX_PolyS_5,S,5,3.7406304689177197,7.86004224307445,1.7885690104600065,1.452895603541459,3.0682783134772995,3.3945982498337637,0.5264785475425522,1.0,PolyX_PolyS_5,0.0026885658756419135,2.9678568573888504,5.994335026322092,1391.305524537083,3.7379419030420777
PolyX_PolyV_5,V,5,3.478633612027535,7.598932607728182,1.7885690104600065,1.5622882598301149,3.0682783134772995,3.248610237171555,0.4908257660435101,1.0,PolyX_PolyV_5,0.0010910731526459828,2.9662613167209875,6.150274521291052,3188.2387731782956,3.4775425388748893
PolyX_PolyA_6,A,6,4.565146439486167,6.187328240238681,1.2917365065450188,1.5261960100479568,3.0276192436110376,3.7899306157939296,0.49590886857104766,1.0,PolyX_PolyA_6,0.0015475782228759646,2.998567988410512,5.736744300840615,2949.84568375851,4.563598861263291
PolyX_PolyE_6,E,6,6.71684205838372,1.6644829969135304,1.2917365065450188,3.058051401636422,3.0276192436110376,0.2885623255825517,0.01005151426805181,1.0,PolyX_PolyE_6,0.0012607854182373705,2.9228419547178746,5.609402017112177,5327.463886071275,6.7155812729654825
PolyX_PolyF_6,F,6,11.406865191475063,8.610481292109863,1.2917365065450188,1.1713892518218678,3.0276192436110376,5.66581864682306,0.613098888080539,1.0,PolyX_PolyF_6,0.0009578150398992791,3.0062046472762303,5.691725878921548,11909.132374190762,11.405907376435163
PolyX_PolyI_6,I,6,9.02201631880657,8.21156098175761,1.2917365065450188,1.5484898028791734,3.0276192436110376,5.356993814257758,0.4885453954796867,1.0,PolyX_PolyI_6,0.0023839170678665333,2.9663026532526517,5.438798098215502,3784.5185955628726,9.019632401738702
PolyX_PolyK_6,K,6,12.872532940224607,9.207221534993144,1.2917365065450188,1.5772646702117936,3.0276192436110376,6.127786114537795,0.4790412719366283,1.0,PolyX_PolyK_6,0.0029305339745120023,3.1031739001427363,6.029313477216141,4392.540447159868,12.869602406250095
PolyX_PolyL_6,L,6,0.32117586387688607,1.047033958896404,1.2917365065450188,2.538392238854873,3.0276192436110376,0.18943689088970303,0.16158802193787883,1.0,PolyX_PolyL_6,0.0009089649236850883,2.9572334348911604,5.750378762110194,353.33853058872336,0.320266898953201
PolyX_PolyS_6,S,6,0.17711821551876483,1.0193886424403722,1.2917365065450188,2.47140857812213,3.0276192436110376,0.21083855935378792,0.18371222427081546,1.0,PolyX_PolyS_6,0.0018076356712390163,2.9623821650895104,5.578820044973161,97.98281728374484,0.17531057984752582
PolyX_PolyV_6,V,6,12.017293139175449,9.351757327907512,1.2917365065450188,1.4620932517061116,3.0276192436110376,6.239678742935326,0.5170815303834987,1.0,PolyX_PolyV_6,0.0020940983320431074,2.966388954577293,5.5600885679908005,5738.620564797061,12.015199040843406
PolyX_PolyA_7,A,7,2.4088611302886838,6.253417321481617,1.6735489594786874,1.4133002962162453,2.0979378223862115,2.736620483113661,0.3263383303663661,1.0,PolyX_PolyA_7,0.0016055605576384472,2.981184740282866,5.229106996349382,1500.3147129402748,2.407255569731045
PolyX_PolyE_7,E,7,61.6525057499924,1.1084061690521356,1.6735489594786874,2.010257127620567,2.0979378223862115,0.3376912203408704,0.04179375281290062,1.0,PolyX_PolyE_7,0.003735145318934801,2.8113869041889634,5.42961339550854,16506.008582147686,61.648770604673466
PolyX_PolyF_7,F,7,8.899670886799633,9.81759797572382,1.6735489594786874,1.041959878225163,2.0979378223862115,4.86633448643296,0.5033409154900362,1.0,PolyX_PolyF_7,0.0019348557349760586,2.9651303797825324,5.05165978215529,4599.632277280343,8.897736031064657
PolyX_PolyI_7,I,7,5.606910130146822,8.7341793274226,1.6735489594786874,1.3866202538583494,2.0979378223862115,4.2189565641051265,0.3390556006654209,1.0,PolyX_PolyI_7,0.002140476703253649,2.976422577574695,5.04079592576571,2619.4557161341077,5.604769653443569
PolyX_PolyK_7,K,7,10.678966888013528,10.71455291734806,1.6735489594786874,1.2678947037726465,2.0979378223862115,5.40229427209925,0.3956471491940916,1.0,PolyX_PolyK_7,0.006520828566657415,3.104031377143357,5.798408869669802,1637.6677292116392,10.672446059446871
PolyX_PolyL_7,L,7,12.731375511629343,1.1541756414781563,1.6735489594786874,2.1059167911369188,2.0979378223862115,0.3103424701493744,0.0038032436736527802,1.0,PolyX_PolyL_7,0.0017701607976758783,2.850233793232454,5.348596622578988,7192.173505711896,12.729605350831667
PolyX_PolyS_7,S,7,353.14166423594406,1.0175697553926155,1.6735489594786874,2.513032962885808,2.0979378223862115,0.39196893545941447,0.1978586477017054,1.0,PolyX_PolyS_7,0.0030670089427210913,2.993883158388837,5.43627372727217,115141.66388637727,353.13859722700136
PolyX_PolyV_7,V,7,6.661465835652197,9.443524712962168,1.6735489594786874,1.3707086318688633,2.0979378223862115,4.642813530775841,0.3466400113279772,1.0,PolyX_PolyV_7,0.0008486055683869667,2.9457005135621657,5.202885831977364,7849.803943986311,6.66061723008381
PolyX_PolyA_8,A,8,12.425159112966417,7.419183329962529,1.0087317292673053,1.35188977587932,2.847380735126581,6.354961794798971,0.5252163649202953,1.0,PolyX_PolyA_8,0.0013642285874735196,2.9580439154924507,4.947508629021258,9107.761081569315,12.423794884378944
PolyX_PolyE_8,E,8,1.3031448484786405,1.0303199756441992,1.0087317292673053,2.4380933308523582,2.847380735126581,0.021401375361291167,0.14374171996918703,1.0,PolyX_PolyE_8,0.0009018808728710275,2.9800961185796355,5.307072200764665,1444.9030228349957,1.3022429676057694
PolyX_PolyF_8,F,8,47.79061150946682,13.43604054590811,1.0087317292673053,0.8657482385957512,2.847380735126581,12.319736215363633,0.6959492533206088,1.0,PolyX_PolyF_8,0.0011709161449327675,2.973460777459364,4.928631606924472,40814.3687936961,47.789440593321885
PolyX_PolyI_8,I,8,13.726176595271822,7.719447152765597,1.0087317292673053,1.2616715614642176,2.847380735126581,6.652626490070493,0.5569009982052402,1.0,PolyX_PolyI_8,0.0015869020732099687,2.9574286679650577,4.807556032846497,8649.613817296653,13.724589693198611
PolyX_PolyK_8,K,8,1.1752839241394892,1.545536340478907,1.0087317292673053,1.969197769815852,2.847380735126581,0.5321579520468849,0.3084178222030744,1.0,PolyX_PolyK_8,0.0003865278549089455,2.956292212798816,5.1462325545682726,3040.5402969298934,1.1748973962845803
PolyX_PolyL_8,L,8,0.3886026230683809,1.0268632852996529,1.0087317292673053,2.124771501997877,2.847380735126581,0.01797460663353726,0.253780333699062,1.0,PolyX_PolyL_8,0.00039601543690017147,3.022349880267848,5.118974479156273,981.2567245935223,0.38820660763148074
PolyX_PolyS_8,S,8,0.28431752340983535,1.500296199087573,1.0087317292673053,1.7934292242426355,2.847380735126581,0.48730941593095,0.37014772836028614,1.0,PolyX_PolyS_8,0.0028579822720030353,2.7990985923665943,4.944898532399375,99.48155780371312,0.28145954113783234
PolyX_PolyV_8,V,8,27.505040289793026,10.60203809863271,1.0087317292673053,1.1701061695788149,2.847380735126581,9.510265307440587,0.5890587601637344,1.0,PolyX_PolyV_8,0.0007119224919465116,2.9890231390337814,4.983325579897033,38634.33766675102,27.50432836730108
PolyX_PolyA_9,A,9,3.232669037417837,6.8882740034141134,1.656769783732378,1.2573284355977683,2.694656346667329,3.1576530855700304,0.5333993378588721,1.0,PolyX_PolyA_9,0.0011471035868221295,2.95684668419234,4.633487668868642,2818.0897467820614,3.2315219338310146
PolyX_PolyE_9,E,9,1.1156163148352454,1.8211660390140088,1.656769783732378,1.7742794188374589,2.694656346667329,0.09922697582718953,0.34155632831183275,1.0,PolyX_PolyE_9,0.0009556322275850571,2.8944592586549,4.881590667135854,1167.3995587809557,1.1146606826076604
PolyX_PolyF_9,F,9,15.334833078358296,12.378337470899728,1.656769783732378,0.8606483350333431,2.694656346667329,6.47136843781262,0.6806092412868278,1.0,PolyX_PolyF_9,0.0010059239327771812,2.963196877800524,5.040046522532781,15244.373987883984,15.333827154425519
PolyX_PolyI_9,I,9,5.25206976636788,8.286005348553319,1.656769783732378,1.2128376050073046,2.694656346667329,4.001301586926924,0.549910100222128,1.0,PolyX_PolyI_9,0.000694680520492241,2.976767007637963,4.789949687226607,7560.301474455689,5.251375085847387
PolyX_PolyK_9,K,9,1.4152394268044444,2.499866419939617,1.656769783732378,1.314639460588103,2.694656346667329,0.5088797758659668,0.5121309393630062,1.0,PolyX_PolyK_9,0.0004106328675418165,2.93197032904144,4.719530665143785,3446.39963011248,1.4148287939369026
PolyX_PolyL_9,L,9,8.628288830884166,10.086575606980878,1.656769783732378,1.1207220936441111,2.694656346667329,5.088097275807263,0.5840946119047102,1.0,PolyX_PolyL_9,0.0016347566790399165,2.908264445800166,4.603253758658447,5277.994065765692,8.626654074205126
PolyX_PolyS_9,S,9,1.5600555407293446,5.098702010266148,1.656769783732378,1.3219593303891373,2.694656346667329,2.077495775411699,0.5094145002853157,1.0,PolyX_PolyS_9,0.0012563230526399418,2.9388019107047607,4.593444416691575,1241.7531620705104,1.5587992176767047
PolyX_PolyV_9,V,9,8.379255499035313,10.248845725250654,1.656769783732378,1.0542137342031357,2.694656346667329,5.186040949009832,0.6087761856880355,1.0,PolyX_PolyV_9,0.0019426273805170616,2.94888479515739,4.634149854872055,4313.339989784944,8.377312871654796
PolyX_PolyA_10,A,10,1.3585762582955292,6.07703593807494,2.0252000337078906,1.2489159196185826,2.0656693943583693,2.0007089852495406,0.39539409208968973,1.0,PolyX_PolyA_10,0.000752075941662388,2.999063711426976,4.6855859403957645,1806.4109206623027,1.3578241823538668
PolyX_PolyE_10,E,10,987.4392459232713,1.136000044465986,2.0252000337078906,2.23089166730591,2.0656693943583693,0.43906773377535924,0.07998485788615815,1.0,PolyX_PolyE_10,0.0054503680428982515,3.079870509604853,5.0133763006877485,181168.94610822227,987.4337955552284
PolyX_PolyF_10,F,10,21.052331614104066,17.811403221510623,2.0252000337078906,0.7008253434093772,2.0656693943583693,7.794885900184462,0.6607272464202506,1.0,PolyX_PolyF_10,0.0026577118562042127,2.992843268876211,5.155016948319755,7921.194448907169,21.04967390224786
PolyX_PolyI_10,I,10,1.7121557902940652,6.224375472845362,2.0252000337078906,1.3191671540070815,2.0656693943583693,2.073462062633537,0.3613851482672345,1.0,PolyX_PolyI_10,0.0017195891985286222,2.989273714577048,4.54626527110199,995.6714284113845,1.7104362010955365
PolyX_PolyK_10,K,10,83.07390692989708,1.366557441353438,2.0252000337078906,1.8553995861626336,2.0656693943583693,0.32522347491203596,0.10179257569967964,1.0,PolyX_PolyK_10,0.0016664577080594174,2.776743175944544,4.816950531505744,49850.29504510213,83.07224047218902
PolyX_PolyL_10,L,10,4.302839968865537,8.82750797619868,2.0252000337078906,1.2190321570199725,2.0656693943583693,3.3588326235787216,0.4098609582204592,1.0,PolyX_PolyL_10,0.0014780994943341052,2.787245408730756,4.661689964235458,2911.0427781968788,4.301361869371203
PolyX_PolyS_10,S,10,4.096192750681723,9.305636063797316,2.0252000337078906,1.0453652969167564,2.0656693943583693,3.5949219380368307,0.4939338793653067,1.0,PolyX_PolyS_10,0.006401482667756413,2.9704505173250246,4.513625907114995,639.8808783010529,4.0897912680139665
PolyX_PolyV_10,V,10,5.386933157771658,10.431380609181003,2.0252000337078906,0.9606219055470034,2.0656693943583693,4.1507902604971,0.5349585426542139,1.0,PolyX_PolyV_10,0.001672513865465962,2.9551828421963275,4.490985118832118,3220.8408316319415,5.385260643906192
PolyX_PolyA_11,A,11,2.3842845753217556,5.977740062318379,1.6354315262186168,1.28424959241158,3.286241660629162,2.655145425831361,0.6092041532436462,1.0,PolyX_PolyA_11,0.005071961117135661,2.9576563564438176,4.266923462759744,470.0903298259028,2.37921261420462
PolyX_PolyE_11,E,11,1.656270725317077,1.6882309106372682,1.6354315262186168,2.043890559479,3.286241660629162,0.03228468057035206,0.37804617841534816,1.0,PolyX_PolyE_11,0.005062684806561107,2.904091440358963,4.286763007861265,327.15199880715653,1.6512080405105158
PolyX_PolyF_11,F,11,28.95691227024317,16.40350849566363,1.6354315262186168,0.7637748376081442,3.286241660629162,9.030079665634918,0.7675840925642952,1.0,PolyX_PolyF_11,0.004343889858313626,2.969670357171462,5.443983841283824,6666.109536301494,28.952568380384857
PolyX_PolyI_11,I,11,3.0504103753267837,6.068535396020896,1.6354315262186168,1.192292400481053,3.286241660629162,2.7106630872234283,0.6371866333613504,1.0,PolyX_PolyI_11,0.0005813593597011305,2.974661661711908,4.701052034798677,5246.940390692303,3.0498290159670827
PolyX_PolyK_11,K,11,1.554929564511908,2.4838316415070283,1.6354315262186168,2.253614156471157,3.286241660629162,0.5187622359525197,0.3142275008345871,1.0,PolyX_PolyK_11,0.00249864809710226,2.9535553656259017,4.552087980479252,622.3058554170291,1.5524309164148056
PolyX_PolyL_11,L,11,7.7524854559194365,9.131052741976012,1.6354315262186168,1.1635389378046492,3.286241660629162,4.583268143967169,0.645936282853317,1.0,PolyX_PolyL_11,0.0013592225734723263,2.9005241707167286,4.653926194359907,5703.575390423996,7.751126233345964
PolyX_PolyS_11,S,11,8.393648643626841,10.045747487878014,1.6354315262186168,1.0948359943931787,3.286241660629162,5.142566855798244,0.6668425187624307,1.0,PolyX_PolyS_11,0.0047073853153509395,2.935531100613459,4.278234098341812,1783.0770694474995,8.38894125831149
PolyX_PolyV_11,V,11,10.453113206056019,11.10926646157761,1.6354315262186168,0.9434258654252248,3.286241660629162,5.792865542505493,0.7129164672434337,1.0,PolyX_PolyV_11,0.004732495182014647,2.918979811774965,4.290388565551208,2208.790651890229,10.448380710874003
PolyX_PolyA_12,A,12,6.696377070043191,6.227075298313528,1.1070303065085816,1.4548431741580834,2.5767323317885875,4.625026940728343,0.43539219956609426,1.0,PolyX_PolyA_12,0.0016851804191447795,2.9967784189509907,4.367923064458749,3973.661963638239,6.694691889624046
PolyX_PolyE_12,E,12,8.046439803167727,6.148609646414035,1.1070303065085816,1.0540468489034611,2.5767323317885875,4.554147533508715,0.590936615379132,1.0,PolyX_PolyE_12,0.003259918804503827,2.9484537827945005,4.204618542779614,2468.2869736452494,8.043179884363223
PolyX_PolyF_12,F,12,70.88870874371298,17.664806681450678,1.1070303065085816,0.7773720450553196,2.5767323317885875,14.956931420570593,0.6983109050695528,1.0,PolyX_PolyF_12,0.008121420189960022,2.953871215687681,5.378522963328323,8728.599161185664,70.88058732352302
PolyX_PolyI_12,I,12,6.239748162840473,5.776353985527556,1.1070303065085816,1.247271422874348,2.5767323317885875,4.21788242974609,0.5159483942173461,1.0,PolyX_PolyI_12,0.000231451594030732,2.9726598143550884,4.602823395479617,26958.028129763934,6.239516711246442
PolyX_PolyK_12,K,12,6.668352189063263,1.52777446169153,1.1070303065085816,2.4328244751898724,2.5767323317885875,0.3800656158275527,0.05584897384309386,1.0,PolyX_PolyK_12,0.0005155493785135115,2.99210139840564,4.648820772252856,12934.207904994017,6.66783663968475
PolyX_PolyL_12,L,12,27.108796376628618,11.318125709677846,1.1070303065085816,1.1367944167875446,2.5767323317885875,9.22386256558199,0.5588232418388365,1.0,PolyX_PolyL_12,0.003030963981202733,2.8995439617679954,5.05341573788164,8943.92249644831,27.105765412647415
PolyX_PolyS_12,S,12,8.19587639533324,6.730828282289063,1.1070303065085816,1.2062337085057202,2.5767323317885875,5.0800758955887595,0.5318746562750516,1.0,PolyX_PolyS_12,0.0059984709182641476,2.933025977063388,4.184402790618706,1366.3253258634986,8.189877924414976
PolyX_PolyV_12,V,12,17.27563920126558,9.418382908374948,1.1070303065085816,1.028564242930943,2.5767323317885875,7.507791388366961,0.6008261198721462,1.0,PolyX_PolyV_12,0.004813769845915579,2.989682069783757,4.1003610434921,3588.788800951025,17.270825431419663
PolyX_PolyA_13,A,13,0.10488299312320801,6.034335608458981,4.906599386588452,1.3316420120729275,1.8334299743945657,0.22984069678748364,0.27368809789822396,1.0,PolyX_PolyA_13,0.001418998358641602,3.0090569504669875,4.261181095729691,73.9128790077115,0.1034639947645664
PolyX_PolyE_13,E,13,97.12986892774144,2.3162379603619367,4.906599386588452,1.964898065046893,1.8334299743945657,0.5279341601246129,0.07170608776358675,1.0,PolyX_PolyE_13,0.0006851224725883125,2.985809740738727,4.44221403734444,141768.01248494544,97.12918380526885
PolyX_PolyF_13,F,13,6.552138985003549,19.513609610965624,4.906599386588452,0.631914981242511,1.8334299743945657,2.97701301318863,0.6553372694524744,1.0,PolyX_PolyF_13,0.014161918395861308,2.948614365399924,5.345425638513604,462.6586720293227,6.537977066607688
PolyX_PolyI_13,I,13,1.0402904482119166,8.152838693897916,4.906599386588452,1.197165735657127,1.8334299743945657,0.6616067568472443,0.3470349277711277,1.0,PolyX_PolyI_13,0.0022059110798636206,2.959480924138404,4.61931611318337,471.59005719109035,1.038084537132053
PolyX_PolyK_13,K,13,4837.175273350322,2.546891251266421,4.906599386588452,2.981568128684809,1.8334299743945657,0.4809253720146757,0.6262241647213065,1.0,PolyX_PolyK_13,0.005234136808112199,3.0973067585293084,4.745848189730948,924157.355665564,4837.1700392135135
PolyX_PolyL_13,L,13,1.9467707677412822,10.78047290204404,4.906599386588452,1.167840929758632,1.8334299743945657,1.1971373761450863,0.3630294333197667,1.0,PolyX_PolyL_13,0.01284021641455636,2.949122006604516,5.191428645519062,151.61498753124167,1.9339305513267258
PolyX_PolyS_13,S,13,48.370588749961,1.1049694440033886,4.906599386588452,2.008255996360232,1.8334299743945657,0.7747993351518206,0.09535462188753487,1.0,PolyX_PolyS_13,0.0021119109388256074,2.975951695754074,4.214671039797736,22903.598264837896,48.36847683902218
PolyX_PolyV_13,V,13,0.4227844458714175,8.9835522099501,4.906599386588452,1.2277053811140797,1.8334299743945657,0.8309121047268431,0.33037781739142125,1.0,PolyX_PolyV_13,0.005213348437153659,2.987885439358753,3.966645562557543,81.09637021279615,0.41757109743426385
PolyX_PolyA_14,A,14,0.40672872616058703,5.822763694468312,2.994177726456281,1.364961477730107,2.124942670846058,0.9446954143766765,0.35764785730118565,1.0,PolyX_PolyA_14,0.0038159602482156114,2.9721698753785644,3.957979058172511,106.58592696071929,0.4029127659123714
PolyX_PolyE_14,E,14,21.530902566812575,1.292440283972241,2.994177726456281,1.7715420089989589,2.124942670846058,0.5683488416361003,0.16631068061068716,1.0,PolyX_PolyE_14,0.0034892313861966534,2.8329979427741225,4.055051030938807,6170.654358276345,21.527413335426377
PolyX_PolyF_14,F,14,11.399808301902056,18.15321779987524,2.994177726456281,0.7134008788184838,2.124942670846058,5.062839102527237,0.6642728819905342,1.0,PolyX_PolyF_14,0.013537021502686859,2.9830522396960184,5.304639743196284,842.1202462031205,11.386271280399368
PolyX_PolyI_14,I,14,1.5008642957232439,6.624057541212917,2.994177726456281,1.2519051669358146,2.124942670846058,1.2123127437237107,0.4108522624578096,1.0,PolyX_PolyI_14,0.0031946731288677805,2.977863410677053,4.804086320253233,469.8006766809331,1.4976696225943762
PolyX_PolyK_14,K,14,1062.2034874381898,2.7751770557773447,2.994177726456281,2.8905524652211008,2.124942670846058,0.07314217480941973,0.36029668229600315,1.0,PolyX_PolyK_14,0.005050476847753983,3.1257578880041166,4.678527577670065,210317.04852583972,1062.198436961342
PolyX_PolyL_14,L,14,2.147302490018746,7.020554311427617,2.994177726456281,1.241191901448616,2.124942670846058,1.3447353339765507,0.415893935174059,1.0,PolyX_PolyL_14,0.014330986722874205,2.8675079687768377,5.2464200821356055,149.83622783133856,2.1329715032958716
PolyX_PolyS_14,S,14,1.1353680639329475,7.934611896189253,2.994177726456281,1.2750519696460638,2.124942670846058,1.650013666884149,0.3999593555442159,1.0,PolyX_PolyS_14,0.0035913336676234166,2.9380244727771028,3.957107171821781,316.1401884671987,1.131776730265324
PolyX_PolyV_14,V,14,1.7499831280854186,9.618471794011572,2.994177726456281,1.2022449047141628,2.124942670846058,2.212391739148827,0.43422242811121015,1.0,PolyX_PolyV_14,0.0025848938038618113,2.958651617858958,4.0979192241871445,677.001258410842,1.7473982342815568
PolyX_PolyA_15,A,15,2.8894851931790315,6.032610357615336,1.511113666850694,1.434575845335101,2.4121836000261934,2.9921618670737558,0.4052791647702425,1.0,PolyX_PolyA_15,0.005126403712770136,2.985141946225609,3.9097533659432098,563.6465090558705,2.8843587894662615
PolyX_PolyE_15,E,15,12.057521263247825,10.406184969429104,1.511113666850694,1.0718829678677766,2.4121836000261934,5.886434288637329,0.555637900922576,1.0,PolyX_PolyE_15,0.0036704825133557764,2.9476891391084816,3.935249687748149,3284.9872924067463,12.05385078073447
PolyX_PolyF_15,F,15,43.42365596192,18.92787064773568,1.511113666850694,0.698865450845853,2.4121836000261934,11.525775567355685,0.7102768417635107,1.0,PolyX_PolyF_15,0.011679920166878893,2.952013887928495,5.217706797897596,3717.80099208621,43.41197604175312
PolyX_PolyI_15,I,15,8.751053979403368,9.1142378471521,1.511113666850694,1.3183882451854314,2.4121836000261934,5.031470727246513,0.45344614515615006,1.0,PolyX_PolyI_15,0.008349073086322278,2.9312037661178247,5.085452994169592,1048.1455135761687,8.742704906317046
PolyX_PolyK_15,K,15,256.76396822196756,1.7129509659571316,1.511113666850694,3.061682976483201,2.4121836000261934,0.13356857497496266,0.2692578526982586,1.0,PolyX_PolyK_15,0.008134384862564122,3.1217298313729467,4.674351445353904,31565.220592331865,256.755833837105
PolyX_PolyL_15,L,15,29.21603318285001,15.972201024637856,1.511113666850694,0.9601294290298708,2.4121836000261934,9.56982103664343,0.6019666873535476,1.0,PolyX_PolyL_15,0.010055054499190481,2.9600589089900025,5.138026859633063,2905.6037567140565,29.205978128350818
PolyX_PolyS_15,S,15,7.378778245358866,8.780196339831704,1.511113666850694,1.2143625386837469,2.4121836000261934,4.810414221274616,0.4965712648611986,1.0,PolyX_PolyS_15,0.004809863042442577,2.8997914962780214,3.8593835628898985,1534.0900228027085,7.3739683823164235
PolyX_PolyV_15,V,15,9.620244959621093,9.894696686064892,1.511113666850694,1.286006276118096,2.4121836000261934,5.547949967712483,0.46687048361321604,1.0,PolyX_PolyV_15,0.0022675575523124175,2.9584210713232757,4.028680550860808,4242.539522057709,9.617977402068782
PolyX_PolyA_16,A,16,0.4581974410453342,4.564913717791275,2.2439079093455,1.4932234929524877,2.199324866408835,1.0343587625762962,0.3210536943590804,1.0,PolyX_PolyA_16,0.0034633377631997104,2.974885648767306,3.825416845001356,132.29899864921902,0.4547341032821345
PolyX_PolyE_16,E,16,28.532544608354122,2.010537150992548,2.2439079093455,2.3658389919660845,2.199324866408835,0.10400193224552656,0.07571147314363871,1.0,PolyX_PolyE_16,0.0006935182324344386,2.9785880294200595,4.161261823211756,41141.14361025871,28.531851090121688
PolyX_PolyF_16,F,16,18.32221146523079,18.41375016445756,2.2439079093455,0.7119259898806455,2.199324866408835,7.206107785336191,0.676297939993234,1.0,PolyX_PolyF_16,0.011733685116151136,2.94218818026986,5.101229398414502,1561.503966470948,18.31047778011464
PolyX_PolyI_16,I,16,2.073147581858127,6.802025654392454,2.2439079093455,1.3759011107454018,2.199324866408835,2.03133012993232,0.3743984202788376,1.0,PolyX_PolyI_16,0.012760496666980512,2.959497737571153,5.094256099900536,162.46592991661285,2.0603870851911466
PolyX_PolyK_16,K,16,224.87216561223102,2.179187585207408,2.2439079093455,2.749444561896585,2.199324866408835,0.028842682834060402,0.250131167018546,1.0,PolyX_PolyK_16,0.0049977431037806054,3.126057677392544,4.576279977611395,44994.65278549354,224.86716786912723
PolyX_PolyL_16,L,16,8.192174706716287,12.99357390937619,2.2439079093455,0.9870938463948076,2.199324866408835,4.790600342937486,0.5511832465175631,1.0,PolyX_PolyL_16,0.01290361412161694,2.929600402726785,5.136987137403676,634.8739415767897,8.17927109259467
PolyX_PolyS_16,S,16,1.8707871305495372,7.45666952480471,2.2439079093455,1.3510632105616267,2.199324866408835,2.3230728826922586,0.3856918406202952,1.0,PolyX_PolyS_16,0.006357784138004512,2.8460241240513366,3.8285194765873065,294.25097603690443,1.8644293464115327
PolyX_PolyV_16,V,16,2.1980389776216507,7.936578884294074,2.2439079093455,1.3241990533670571,2.199324866408835,2.536945010639499,0.3979065696059383,1.0,PolyX_PolyV_16,0.004183826812681882,2.9170556778874563,3.836096786134447,525.364414539076,2.193855150808969
PolyX_PolyA_17,A,17,0.0707777363749158,5.518452359025454,4.775363901056356,1.5164007085059112,1.707907888666595,0.15560876058151699,0.11212968886173251,1.0,PolyX_PolyA_17,0.004090313260390758,2.9904071136604387,3.751752609029923,17.30370238956474,0.06668742311452504
PolyX_PolyE_17,E,17,1.8132986228135746,9.701888347617585,4.775363901056356,1.0170926613877125,1.707907888666595,1.0316542463855862,0.40448037734530207,1.0,PolyX_PolyE_17,0.0013048478322052364,2.908722957892753,3.855166131864983,1389.6522502754672,1.8119937749813693
PolyX_PolyF_17,F,17,5.849049695046043,20.334097039551324,4.775363901056356,0.6369316428814142,1.707907888666595,3.258125131584889,0.6270690901377111,1.0,PolyX_PolyF_17,0.02019487385757484,2.976694255597164,5.063772206070581,289.63027152305904,5.828854821188468
PolyX_PolyI_17,I,17,1.0528808342052405,8.945292578133742,4.775363901056356,1.3456721638665732,1.707907888666595,0.8732169450279921,0.2120932441402493,1.0,PolyX_PolyI_17,0.016485843135956194,2.990488172318596,4.952194913602139,63.865717201427216,1.0363949910692842
PolyX_PolyK_17,K,17,3831.3774587884473,2.3496000687063887,4.775363901056356,2.7386659875148465,1.707907888666595,0.5079746554630874,0.6035208957627036,1.0,PolyX_PolyK_17,0.015964719445045048,3.216632253379443,4.5217764183969305,239990.12773608803,3831.361494069002
PolyX_PolyL_17,L,17,2.392076252122226,14.246674650928409,4.775363901056356,0.924635107738502,1.707907888666595,1.9833694240091124,0.45861535398118747,1.0,PolyX_PolyL_17,0.019298185565918703,2.9816686533495047,5.045967947595274,123.95336361637443,2.3727780665563074
PolyX_PolyS_17,S,17,0.4373957835353263,8.745983132254976,4.775363901056356,1.2418221647411185,1.707907888666595,0.8314799277014848,0.27289863055165164,1.0,PolyX_PolyS_17,0.00464775430843409,2.963555825801645,3.7307517330435895,94.10885632509456,0.4327480292268922
PolyX_PolyV_17,V,17,0.38419150640553046,8.475265907131316,4.775363901056356,1.2684285597561982,1.707907888666595,0.7747895412235508,0.2573202757752404,1.0,PolyX_PolyV_17,0.002749352073012765,2.9576804155767165,3.7856050919967217,139.7384179321756,0.3814421543325177
PolyX_PolyA_18,A,18,0.2968260432556572,6.057800298854144,3.300920415849631,1.5780074009229992,1.7283706415453906,0.8351852016083564,0.08699710409796528,1.0,PolyX_PolyA_18,0.0014534383222071087,2.944424418176791,3.7848977767400935,204.22194495702274,0.2953726049334501
PolyX_PolyE_18,E,18,78.7914360309831,1.7363257338894855,3.300920415849631,2.252663998564312,1.7283706415453906,0.47398739892292463,0.3033454424741527,1.0,PolyX_PolyE_18,0.0023158174766792087,2.9469104465657048,3.7800424630179954,34023.01631897314,78.78912021350642
PolyX_PolyF_18,F,18,11.430047091663207,21.285112155942127,3.300920415849631,0.6043792989539161,1.7283706415453906,5.448235484181919,0.6503184650177108,1.0,PolyX_PolyF_18,0.018559421540233375,2.949663252289378,5.044126351682264,615.861917262121,11.411487670122973
PolyX_PolyI_18,I,18,3.5634417723475877,12.981333110700808,3.300920415849631,1.184936552824869,1.7283706415453906,2.932640438215326,0.3144198794273779,1.0,PolyX_PolyI_18,0.01765926884423919,2.9847857516629923,5.010256220330531,201.78863495946513,3.5457825035033483
PolyX_PolyK_18,K,18,247.75067827232684,2.392012078871033,3.300920415849631,2.410416641957213,1.7283706415453906,0.27534996984913734,0.3946179042951016,1.0,PolyX_PolyK_18,0.0026843259152795128,3.001760804909108,4.282464824832574,92294.96087360186,247.74799394641155
PolyX_PolyL_18,L,18,3.5065013765802258,12.533436581361473,3.300920415849631,0.9921397386521782,1.7283706415453906,2.796952062576603,0.42596818367322253,1.0,PolyX_PolyL_18,0.018152556722118456,2.967099575304389,5.026005654700831,193.16835080449752,3.4883488198581074
PolyX_PolyS_18,S,18,0.7174544239130141,7.546083487887403,3.300920415849631,1.2701081574250823,1.7283706415453906,1.2860543537051925,0.26514132623229547,1.0,PolyX_PolyS_18,0.002273119538783608,2.912453404093798,3.694971963955661,315.62408198563844,0.7151813043742304
PolyX_PolyV_18,V,18,1.323634180348935,9.530827104558076,3.300920415849631,1.290618143034413,1.7283706415453906,1.8873241108131704,0.25327466689642986,1.0,PolyX_PolyV_18,0.0007662761589658214,2.994689037475528,3.945597705931328,1727.3366677212462,1.3228679041899694
PolyX_PolyA_19,A,19,0.7233799468778007,5.071251303587902,2.106452867496396,1.579083644252866,1.9948760673271355,1.4074838710325799,0.2084302026999478,1.0,PolyX_PolyA_19,0.000479541276021613,3.004421404302421,3.968052962118355,1508.451719446991,0.7229004056017792
PolyX_PolyE_19,E,19,9.976624513182047,1.8910125719116424,2.106452867496396,2.1536740988785774,1.9948760673271355,0.10227634280790393,0.07960295586893767,1.0,PolyX_PolyE_19,0.0005614610524855665,2.934853230267401,3.945601502340044,17768.724619046163,9.976063052129561
PolyX_PolyF_19,F,19,27.269667873347093,21.273994048697148,2.106452867496396,0.6372999419747735,1.9948760673271355,9.099439857860263,0.6805315616279516,1.0,PolyX_PolyF_19,0.016935969933117575,2.963190562483115,5.028700563574193,1610.1617964262248,27.252731903413974
PolyX_PolyI_19,I,19,2.4934662368671727,7.00617517682049,2.106452867496396,1.4189029510094409,1.9948760673271355,2.3260536159765164,0.2887262651305556,1.0,PolyX_PolyI_19,0.02129334309538082,2.969434916582742,5.157415518912528,117.10068516207913,2.4721728937717917
PolyX_PolyK_19,K,19,9.622474359293893,2.302949870178429,2.106452867496396,1.954291509587138,1.9948760673271355,0.09328336072175084,0.020344400539315355,1.0,PolyX_PolyK_19,0.00032667355752156774,2.935497322282916,4.117772866526121,29455.031138684153,9.62214768573637
PolyX_PolyL_19,L,19,14.251944430999357,15.96119301931895,2.106452867496396,0.8895245642276546,1.9948760673271355,6.577284669221899,0.554095325119872,1.0,PolyX_PolyL_19,0.01684779726885726,2.8845898407661155,5.003948162908868,845.9228078507111,14.2350966337305
PolyX_PolyS_19,S,19,1.411178575471744,6.258430498828769,2.106452867496396,1.3433136428407184,1.9948760673271355,1.9710754963471677,0.3266179965552561,1.0,PolyX_PolyS_19,0.00269563582908626,2.979788695348601,3.7078618822286336,523.5029617930519,1.408482939642658
PolyX_PolyV_19,V,19,3.4408547945284527,8.905411007004556,2.106452867496396,1.3508849773177254,1.9948760673271355,3.2276811147400584,0.32282260565302745,1.0,PolyX_PolyV_19,0.0031049030072908164,2.911925504512389,3.73876052868169,1108.1968436631857,3.437749891521162
PolyX_PolyA_20,A,20,0.09109157910272414,5.829980802505316,6.136176269973031,1.6522718782863244,1.694763919054432,0.049900044261450255,0.025072542724307777,1.0,PolyX_PolyA_20,0.0009313240476068564,2.9859174279474288,3.7973704736803606,97.80763340156183,0.09016025505511728
PolyX_PolyE_20,E,20,1.0762467822388233,7.4236023771811235,6.136176269973031,1.2570833465935418,1.694763919054432,0.2098091792942823,0.25825459672583034,1.0,PolyX_PolyE_20,0.0035923213243058616,2.88544810726395,3.7431150316308,299.59563444409855,1.0726544609145174
PolyX_PolyF_20,F,20,4.2750095486502495,22.01419213748366,6.136176269973031,0.5987373687952884,1.694763919054432,2.5876075211868734,0.646713408243111,1.0,PolyX_PolyF_20,0.02712398987933122,2.969495186876064,5.0286888558938125,157.60984986244054,4.247885558770919
PolyX_PolyI_20,I,20,0.7900323595884561,6.7697324112672215,6.136176269973031,1.497734328505086,1.694763919054432,0.10324933858149656,0.11625783882587948,1.0,PolyX_PolyI_20,0.028068929949239093,2.990648337673885,5.046937972116736,28.146141643296104,0.761963429639217
PolyX_PolyK_20,K,20,355.12475852182604,3.176919828990515,6.136176269973031,2.380663253042717,1.694763919054432,0.482263923131322,0.4047167433036765,1.0,PolyX_PolyK_20,0.010203508440103582,3.011385135059706,4.277086282775337,34804.14727590975,355.11455501338594
PolyX_PolyL_20,L,20,2.568852523326191,19.801472016101325,6.136176269973031,0.8435064434521308,1.694763919054432,2.227005083442356,0.5022867586638542,1.0,PolyX_PolyL_20,0.028089726080817723,2.9582992899133025,5.005596322798581,91.45164325984685,2.5407627972453732
PolyX_PolyS_20,S,20,0.2172468207384219,6.838250460349169,6.136176269973031,1.2725341087247612,1.694763919054432,0.11441558382403236,0.24913783305302337,1.0,PolyX_PolyS_20,0.0019172672455917354,2.94950711777207,3.636122527677086,113.31007095500803,0.21532955349283014
PolyX_PolyV_20,V,20,0.2852808952749185,8.394760376906428,6.136176269973031,1.3188034653467822,1.694763919054432,0.3680767969436645,0.22183647496898048,1.0,PolyX_PolyV_20,0.0006249699758085687,2.957020288337779,3.749173299698027,456.46405695772245,0.28465592529910994
PolyX_PolyA_21,A,21,0.25083993606947896,7.0472639437786215,4.254406933772572,1.6506882248923846,1.8385235363065624,0.6564621235067186,0.10216638933626215,1.0,PolyX_PolyA_21,0.0013837341315490405,2.9971147827781257,3.732517998891075,181.27624200918905,0.24945620193792992
PolyX_PolyE_21,E,21,3.811027404516315,2.4294654496271755,4.254406933772572,1.8037775094148087,1.8385235363065624,0.42895320371414014,0.018898875214595007,1.0,PolyX_PolyE_21,0.0007557764775919413,2.9804543816522147,3.824032939781792,5042.465719496422,3.810271628038723
PolyX_PolyF_21,F,21,8.007157635859778,23.018699586774435,4.254406933772572,0.5896603821498309,1.8385235363065624,4.410554266458647,0.6792750429867171,1.0,PolyX_PolyF_21,0.023886033815529027,2.974905247991591,5.027563442303349,335.2232666781799,7.983271602044249
PolyX_PolyI_21,I,21,0.7778163014885429,4.649378548273955,4.254406933772572,1.455993155456535,1.8385235363065624,0.0928382311917549,0.20806390198218422,1.0,PolyX_PolyI_21,0.02514257516827087,2.959027314428174,5.053026967668292,30.936210269663196,0.752673726320272
PolyX_PolyK_21,K,21,574.5006189315201,2.295289743303957,4.254406933772572,2.638405295775032,1.8385235363065624,0.4604912555300342,0.43506745694176113,1.0,PolyX_PolyK_21,0.012900684963348176,3.277177381985928,4.153910035371087,44532.53259329971,574.4877182465567
PolyX_PolyL_21,L,21,6.417056908053983,22.16750622387536,4.254406933772572,0.7494213234798651,1.8385235363065624,4.210480936344857,0.5923787165730883,1.0,PolyX_PolyL_21,0.020466639225907968,2.8835288071331435,4.9419829604451895,313.5372496603337,6.396590268828075
PolyX_PolyS_21,S,21,0.3374872354183496,7.209939824493373,4.254406933772572,1.4249711834961956,1.8385235363065624,0.6946991523681066,0.2249372089307915,1.0,PolyX_PolyS_21,0.00167133361831206,2.928231691202076,3.635425897047152,201.92570320110957,0.3358159018000375
PolyX_PolyV_21,V,21,0.40464016526718055,7.416594378207168,4.254406933772572,1.3940554281899913,1.8385235363065624,0.7432733853765474,0.24175274307854105,1.0,PolyX_PolyV_21,0.0008753799657763646,2.957164805920249,3.7622393842801274,462.23989431763,0.4037647853014042
PolyX_PolyA_22,A,22,0.23863273143125813,5.287247632446929,3.1994564055982857,1.6381847351727583,1.6390418003023897,0.6525456084338286,0.0005229062062195302,1.0,PolyX_PolyA_22,0.0004776174838980441,3.017746938242958,3.864406664526317,499.621021562062,0.23815511394736008
PolyX_PolyE_22,E,22,2.7458986068564504,4.473118397819352,3.1994564055982857,1.6541168196582794,1.6390418003023897,0.39808699690124283,0.009197458754931396,1.0,PolyX_PolyE_22,0.0007682197143159754,2.9605366096153736,3.691217818333485,3574.319706315152,2.7451303871421344
PolyX_PolyF_22,F,22,10.497873403280275,20.13234897600254,3.1994564055982857,0.7009121029862261,1.6390418003023897,5.2924279701938515,0.5723647176924264,1.0,PolyX_PolyF_22,0.028110882628364017,2.9848685509195265,5.013950824562325,373.4450393328269,10.469762520651912
PolyX_PolyI_22,I,22,1.3731585044064067,7.667045455115929,3.1994564055982857,1.274915866109326,1.6390418003023897,1.3963587819794725,0.2221578083767512,1.0,PolyX_PolyI_22,0.030581682074255417,2.953698186486347,5.06652619765133,44.901325311635475,1.3425768223321513
PolyX_PolyK_22,K,22,402.5758051945686,3.635710881943189,3.1994564055982857,2.2620751812415016,1.6390418003023897,0.13635268653186278,0.380120495294365,1.0,PolyX_PolyK_22,0.006462693269185327,3.0349175147357603,3.980925321903872,62292.16914755802,402.5693425012994
PolyX_PolyL_22,L,22,6.160861294242542,16.412122101061865,3.1994564055982857,0.784209396026908,1.6390418003023897,4.129659548523482,0.5215439924215308,1.0,PolyX_PolyL_22,0.025757228106462506,2.9780413976253275,4.965049336767881,239.18951514824013,6.13510406613608
PolyX_PolyS_22,S,22,0.7057618325158469,7.328967958112235,3.1994564055982857,1.3512074775773617,1.6390418003023897,1.2906916141405427,0.17561133747286062,1.0,PolyX_PolyS_22,0.0020273567445356134,2.905753110483718,3.5518913849125635,348.1174949811599,0.7037344757713113
PolyX_PolyV_22,V,22,0.8276236054105623,7.639856712306393,3.1994564055982857,1.3548410209010102,1.6390418003023897,1.3878608562812316,0.17339446702881325,1.0,PolyX_PolyV_22,0.00033443509465261155,2.9791924142763277,3.828910757470289,2474.6172649660652,0.8272891703159098
PolyX_PolyA_23,A,23,0.33215590485648944,5.641044861299918,3.120344722336458,1.6663423725042006,1.8927356490159448,0.8078274560241552,0.11961167246437648,1.0,PolyX_PolyA_23,0.0008255203719379891,2.9591334590364773,3.696375893404853,402.35455429305483,0.33133038448455143
PolyX_PolyE_23,E,23,1.2215626530413943,6.960545529397994,3.120344722336458,1.3531383433052655,1.8927356490159448,1.2306976147770181,0.28508857324646586,1.0,PolyX_PolyE_23,0.0018403358642311992,2.7965857044163087,3.6590729161551327,663.7679779565239,1.2197223171771632
PolyX_PolyF_23,F,23,14.726736085497487,23.41061403104477,3.120344722336458,0.6303640836880471,1.8927356490159448,6.502572989280275,0.6669560886562365,1.0,PolyX_PolyF_23,0.02928776995936816,2.978251945937233,5.060954363340457,502.828691895676,14.69744831553812
PolyX_PolyI_23,I,23,10.491457206082544,20.76946302773129,3.120344722336458,0.9364113177125032,1.8927356490159448,5.6561437520209275,0.5052603789655706,1.0,PolyX_PolyI_23,0.02938423531022744,2.982856535694188,5.069548214645447,357.0436162412142,10.462072970772317
PolyX_PolyK_23,K,23,40.768043535688065,3.6299151783715686,3.120344722336458,2.159727941255243,1.8927356490159448,0.1633058207919904,0.14106158584697784,1.0,PolyX_PolyK_23,0.006399326693563242,3.153502518877993,3.937089070794805,6370.667068775192,40.761644208994504
PolyX_PolyL_23,L,23,11.281610635398605,21.35638153635388,3.120344722336458,0.819036671544902,1.8927356490159448,5.844237876500583,0.5672736063428991,1.0,PolyX_PolyL_23,0.02275662475439562,2.926015718987028,4.93473523101415,495.75039355146635,11.25885401064421
PolyX_PolyS_23,S,23,0.638594837530735,6.798822069512797,3.120344722336458,1.3259654576094684,1.8927356490159448,1.178868898953562,0.2994449815013242,1.0,PolyX_PolyS_23,0.002715483091293996,2.9580956932770763,3.529493760763891,235.1671744546511,0.635879354439441
PolyX_PolyV_23,V,23,0.7785700443029789,7.146798196209233,3.120344722336458,1.3626836438143162,1.8927356490159448,1.2903873873454084,0.28004544928247577,1.0,PolyX_PolyV_23,0.0016463914956553474,3.001791372779033,3.7248181684727486,472.89196854930606,0.7769236528073236
PolyX_PolyA_24,A,24,0.14921152862144732,5.941381923316164,4.351441302094446,1.614668680882697,1.6575469563335117,0.36538252749874944,0.02586851327920216,1.0,PolyX_PolyA_24,0.0003668289222767989,2.969697272166093,3.7728480285260986,406.7494465836957,0.14884469969917052
PolyX_PolyE_24,E,24,1.3105808335547213,3.1258862145600683,4.351441302094446,1.521132267155998,1.6575469563335117,0.2816434837221613,0.08229914009752254,1.0,PolyX_PolyE_24,0.0010320941295324825,2.849989506675572,3.5966298120975395,1269.8145429845165,1.3095487394251888
PolyX_PolyF_24,F,24,8.707040487685896,25.1067110972396,4.351441302094446,0.5773766022391058,1.6575469563335117,4.769746011546836,0.6516680266384363,1.0,PolyX_PolyF_24,0.032286373124896725,2.987274825526514,5.013615871681387,269.68150795967324,8.674754114560999
PolyX_PolyI_24,I,24,0.8855192598710453,7.922350983016063,4.351441302094446,1.3456996724316408,1.6575469563335117,0.820626875790065,0.18813782783667019,1.0,PolyX_PolyI_24,0.0400240096044961,2.972549246632153,5.1684981655498525,22.12469583568689,0.8454952502665491
PolyX_PolyK_24,K,24,263.97687734828406,2.966587433042892,4.351441302094446,2.3094821035538367,1.6575469563335117,0.3182517637052792,0.39331322996870227,1.0,PolyX_PolyK_24,0.0027006145350011203,3.05868989925645,3.8607672869672376,97746.60413805896,263.97417673374906
PolyX_PolyL_24,L,24,10.202296122897584,28.463662164016004,4.351441302094446,0.6040570992765794,1.6575469563335117,5.541203290577724,0.6355716518506652,1.0,PolyX_PolyL_24,0.028540794923822266,2.937645867166288,4.934276094708043,357.46350357421045,10.173755327973762
PolyX_PolyS_24,S,24,0.26759281520719536,6.781474858324929,4.351441302094446,1.2940619352846623,1.6575469563335117,0.5584433725581576,0.21929093451016135,1.0,PolyX_PolyS_24,0.0018289607181508265,2.95768592769357,3.529410300168766,146.30787281151444,0.26576385448904455
PolyX_PolyV_24,V,24,0.47031749271240225,8.069914085970625,4.351441302094446,1.4369724673905235,1.6575469563335117,0.8545381922275719,0.13307284484470847,1.0,PolyX_PolyV_24,0.0002559326631620384,2.945007654442388,3.736760363624994,1837.5892744956013,0.4700615600492402
PolyX_PolyA_25,A,25,0.09920734150691936,5.904834238844203,5.4411286284542815,1.6048716034789747,1.6713012602553927,0.08522232096572425,0.03974726660965171,1.0,PolyX_PolyA_25,0.0008015397451682082,2.9684873590830114,3.7405210999709406,123.76941307130018,0.09840580176175115
PolyX_PolyE_25,E,25,8.18390476316986,2.126439120222865,5.4411286284542815,1.8836013480452616,1.6713012602553927,0.6091915362737997,0.12702682205686072,1.0,PolyX_PolyE_25,0.0020778436972439924,3.014619557818998,3.7931367956448505,3938.633780628908,8.181826919472616
PolyX_PolyF_25,F,25,5.4756247906646385,24.5715411809994,5.4411286284542815,0.5928857605794363,1.6713012602553927,3.515890518100046,0.6452550029856154,1.0,PolyX_PolyF_25,0.03616060416831413,2.987756665838637,5.0220824462790175,151.42510481646283,5.439464186496324
PolyX_PolyI_25,I,25,0.6653316859598642,5.429127051663807,5.4411286284542815,1.2932224158836094,1.6713012602553927,0.0022057145879096885,0.22621824883564606,1.0,PolyX_PolyI_25,0.038246252420344795,2.958383457466973,5.064443315728576,17.395992284096923,0.6270854335395195
PolyX_PolyK_25,K,25,416.28532651866755,3.465333160092074,5.4411286284542815,2.146278103743285,1.6713012602553927,0.3631223599511729,0.2841958267986413,1.0,PolyX_PolyK_25,0.011084128730985162,3.166960313720792,3.8044255111987,37556.849171777554,416.27424238993655
PolyX_PolyL_25,L,25,6.017128159810978,27.812907823671967,5.4411286284542815,0.6535252592532299,1.6713012602553927,4.111606382217262,0.6089721974161832,1.0,PolyX_PolyL_25,0.029785011125907757,2.98028114219867,4.899710248857577,202.0185963399277,5.987343148685071
PolyX_PolyS_25,S,25,0.15254328312498172,5.816775022583211,5.4411286284542815,1.4676392667488551,1.6713012602553927,0.06903832270468545,0.1218583377813141,1.0,PolyX_PolyS_25,0.001181812551027896,2.8917259056148064,3.5128502562894868,129.07460852926394,0.15136147057395383
PolyX_PolyV_25,V,25,0.2514698932905761,6.802240909168807,5.4411286284542815,1.4290300764007755,1.6713012602553927,0.2501525645978326,0.14495961297701385,1.0,PolyX_PolyV_25,0.0023158967065957338,3.003850883640823,3.8214574650254014,108.58377523342648,0.24915399658398038
PolyX_PolyA_26,A,26,0.17713879108932257,6.154911280922464,4.318794916998733,1.5977748302670225,1.5515314135763032,0.42514553230967167,0.029805014765461647,1.0,PolyX_PolyA_26,0.0019215365483199686,3.010790955241564,3.7795052800174367,92.18553214034662,0.1752172545410026
PolyX_PolyE_26,E,26,3.406118155999122,2.2208681165024875,4.318794916998733,1.6819976517059507,1.5515314135763032,0.48576671057910786,0.08408868617678897,1.0,PolyX_PolyE_26,0.00040004636456319456,2.930756442625769,3.667610282972941,8514.095656791076,3.4057181096345586
PolyX_PolyF_26,F,26,9.322061174400853,25.761899016286783,4.318794916998733,0.5723605541013392,1.5515314135763032,4.965066531612374,0.6310996032094255,1.0,PolyX_PolyF_26,0.03768977372515379,2.914716792278045,5.053641704978322,247.33655258890226,9.284371400675699
PolyX_PolyI_26,I,26,0.8360769585426069,7.159768269761772,4.318794916998733,1.4451748564806437,1.5515314135763032,0.6578162212752904,0.06854940619636314,1.0,PolyX_PolyI_26,0.03861732848880336,2.995504956184337,5.049227837011308,21.650299872038502,0.7974596300538035
PolyX_PolyK_26,K,26,378.8183539037512,2.4109035581462264,4.318794916998733,2.088990827044253,1.5515314135763032,0.441764750473116,0.34640575676717866,1.0,PolyX_PolyK_26,0.0030983930920230208,2.9775701596404547,3.756891286735681,122262.45025349873,378.81525551065914
PolyX_PolyL_26,L,26,8.61425862882671,26.08942760123619,4.318794916998733,0.7209808088112492,1.5515314135763032,5.040904489015782,0.5353102086735211,1.0,PolyX_PolyL_26,0.02985856756755886,2.944231893936089,4.894680066876672,288.50197600122925,8.584400061259151
PolyX_PolyS_26,S,26,0.1960258074616218,5.835693763291918,4.318794916998733,1.4526028614654507,1.5515314135763032,0.3512319699003733,0.06376187503855993,1.0,PolyX_PolyS_26,0.001975705037971593,2.9407110223048143,3.4972124753762697,99.2176521887871,0.1940501024236502
PolyX_PolyV_26,V,26,0.5189469307440763,8.267743013246378,4.318794916998733,1.4475288602545902,1.5515314135763032,0.9143634213110292,0.06703219310396404,1.0,PolyX_PolyV_26,0.0009812057829459418,2.962082897215026,3.770498364529443,528.8815567010367,0.5179657249611304
PolyX_PolyA_27,A,27,0.29313192766099677,6.788071131124384,3.953831421729856,1.5861847119037304,1.696319569091126,0.7168337258431996,0.06492577176740631,1.0,PolyX_PolyA_27,0.0003774225131873369,2.992195306510872,3.711936052888983,776.6472612164763,0.29275450514780943
PolyX_PolyE_27,E,27,1.0791609768655035,8.025010308068447,3.953831421729856,1.2695086266046791,1.696319569091126,1.029679430428876,0.25160998567924825,1.0,PolyX_PolyE_27,0.0015628773638671342,2.990480992726074,3.504511893906087,690.4918433758904,1.0775980995016363
PolyX_PolyF_27,F,27,12.302559842501209,27.21809799725067,3.953831421729856,0.5657276453399761,1.696319569091126,5.883980396246225,0.6664970117375416,1.0,PolyX_PolyF_27,0.04434920143579028,2.98370264306815,5.093176645369701,277.4019975600494,12.258210641065418
PolyX_PolyI_27,I,27,0.6754426200725465,3.480041165759469,3.953831421729856,1.3921389164063604,1.696319569091126,0.11983066687327226,0.1793180119048812,1.0,PolyX_PolyI_27,0.05584429697935161,3.0037321169405558,5.270021606828308,12.095102555794826,0.619598323093195
PolyX_PolyK_27,K,27,109.31775911790665,3.32236744315254,3.953831421729856,2.172606081608751,1.696319569091126,0.15970938343674804,0.28077640628340766,1.0,PolyX_PolyK_27,0.0037209637849732746,3.165142285425047,3.7718085249979,29378.80389251165,109.31403815412168
PolyX_PolyL_27,L,27,12.126615960237599,28.07332426370772,3.953831421729856,0.6652322039704494,1.696319569091126,6.100283565308217,0.6078379238843096,1.0,PolyX_PolyL_27,0.032111916831696924,2.9556686884007672,4.890799881573859,377.63588662227835,12.094504043405902
PolyX_PolyS_27,S,27,0.2284788420822335,5.796988306075713,3.953831421729856,1.414677065212628,1.696319569091126,0.4661698205482545,0.16603151258191268,1.0,PolyX_PolyS_27,0.0017154776312330567,2.969493982429966,3.489243647177611,133.18594545505857,0.22676336445100045
PolyX_PolyV_27,V,27,0.354814010349891,6.21884169789625,3.953831421729856,1.4088035204507392,1.696319569091126,0.5728646557154986,0.16949403513303538,1.0,PolyX_PolyV_27,0.0011522702039393612,2.9715246274756306,3.7546926765696895,307.92337587408826,0.35366174014595164
PolyX_PolyA_28,A,28,0.9473652435733506,7.071103921575136,2.732428907383247,1.5996701147233785,2.369326976703549,1.5878455254474997,0.3248419781430912,1.0,PolyX_PolyA_28,0.0009723059520596266,2.985914900832032,3.806194175187803,974.3388880605901,0.946392937621291
PolyX_PolyE_28,E,28,0.7170956525136042,3.8184060791290335,2.732428907383247,1.584110723443535,2.369326976703549,0.397440229391289,0.3314089870164259,1.0,PolyX_PolyE_28,0.004792714386776829,3.023498277737955,3.631433268762814,149.62171713693317,0.7123029381268273
PolyX_PolyF_28,F,28,23.245652685402856,25.804659988667662,2.732428907383247,0.6045783783999099,2.369326976703549,8.443854117829508,0.7448311759649733,1.0,PolyX_PolyF_28,0.03131877825179623,3.01043858963571,5.0597887148972935,742.2270778330527,23.214333907151058
PolyX_PolyI_28,I,28,5.181752163787263,13.196030982816056,2.732428907383247,1.1573999594316635,2.369326976703549,3.8294142062248353,0.5115068663752113,1.0,PolyX_PolyI_28,0.03117115586026003,2.9976855835729457,5.051039372451566,166.23543010925536,5.150581007927003
PolyX_PolyK_28,K,28,2.983906488853746,2.13742336852018,2.732428907383247,1.950249296826946,2.369326976703549,0.2177570063233167,0.17687625388863257,1.0,PolyX_PolyK_28,0.005657167514820273,3.11381049211051,3.763935131549535,527.4549863490618,2.9782493213389256
PolyX_PolyL_28,L,28,32.240957789682035,30.61275255780078,2.732428907383247,0.6448878665155714,2.369326976703549,10.203494617950575,0.7278181218310333,1.0,PolyX_PolyL_28,0.0250117961550566,2.979577582352431,4.909625527439399,1289.0295722671722,32.21594599352698
PolyX_PolyS_28,S,28,0.5308304528940894,5.272185959806355,2.732428907383247,1.3604164874601503,2.369326976703549,0.9294869650809491,0.4258215515053556,1.0,PolyX_PolyS_28,0.00368715233736531,2.995074112684358,3.473762878121564,143.96720413275818,0.5271433005567241
PolyX_PolyV_28,V,28,0.7736815858430708,6.04652701357199,2.732428907383247,1.4781111390656907,2.369326976703549,1.2128762425378308,0.37614725464267046,1.0,PolyX_PolyV_28,0.0013423207372176022,3.003213083830161,3.76003863188154,576.3718019649662,0.7723392651058532
PolyX_PolyA_29,A,29,0.44580251865337706,5.447205426200751,2.749557273708903,1.6917007955773764,1.6282259571062243,0.9811209165514004,0.038984047757083536,1.0,PolyX_PolyA_29,0.0015883456313743756,2.9600563751693234,3.87212554888574,280.6692089904527,0.44421417302200267
PolyX_PolyE_29,E,29,1.3781872106171782,2.471851375378598,2.749557273708903,1.5530969711447284,1.6282259571062243,0.10100022319437081,0.04614162158120816,1.0,PolyX_PolyE_29,0.00037112257671042203,2.981385500243438,3.5519125057807823,3713.463320393228,1.3778160880404677
PolyX_PolyF_29,F,29,22.89609947321769,25.844282816457586,2.749557273708903,0.622091259804254,1.6282259571062243,8.39943425204451,0.6179330902512634,1.0,PolyX_PolyF_29,0.045826550326265675,2.9637397962731447,5.079993148374071,499.625093181927,22.850272922891424
PolyX_PolyI_29,I,29,0.6801657671330867,4.11220738376925,2.749557273708903,1.6052523726119057,1.6282259571062243,0.49558891647390774,0.01410958005800902,1.0,PolyX_PolyI_29,0.04506490689178638,2.966801102304007,5.064128287872842,15.093021668415748,0.6351008602413004
PolyX_PolyK_29,K,29,171.7242061404695,3.278992700710345,2.749557273708903,1.7501183626805903,1.6282259571062243,0.19255297282361455,0.07486209456517945,1.0,PolyX_PolyK_29,0.006627839087411121,3.1316928905251777,3.4643322896218915,25909.49248778778,171.7175783013821
PolyX_PolyL_29,L,29,32.14263604243898,30.79947356810389,2.749557273708903,0.618866386790516,1.6282259571062243,10.201611933167044,0.6199136955841188,1.0,PolyX_PolyL_29,0.03447720350649404,2.913827948449496,4.879673036272303,932.2863646270217,32.10815883893249
PolyX_PolyS_29,S,29,0.36962390439780873,5.073200732770829,2.749557273708903,1.3221234607533368,1.6282259571062243,0.8450973112218688,0.18799755342121574,1.0,PolyX_PolyS_29,0.0016992055532607288,2.872850859721536,3.466755671874592,217.52620124534218,0.367924698844548
PolyX_PolyV_29,V,29,0.8036006250215977,6.492113230921418,2.749557273708903,1.4853706660832178,1.6282259571062243,1.3611485721714562,0.08773677289661753,1.0,PolyX_PolyV_29,0.0030553291816795055,2.984742843450768,3.817541083655385,263.01519315438566,0.8005452958399182
PolyX_PolyA_30,A,30,0.25723618310100105,5.999155097500965,3.742387608500703,1.610677607175009,1.8328114314653847,0.6030287947389771,0.12119840616269692,1.0,PolyX_PolyA_30,0.0034222080092644993,3.0117375291936943,3.834063971856192,75.16650967431677,0.25381397509173653
PolyX_PolyE_30,E,30,1.1824652845568229,8.391741669933142,3.742387608500703,1.273398282611066,1.8328114314653847,1.2423496836275303,0.30522133332999357,1.0,PolyX_PolyE_30,0.0017687131538227491,2.904733294083268,3.488996142141722,668.5417568041418,1.1806965714030002
PolyX_PolyF_30,F,30,12.931844073474116,26.534216800540165,3.742387608500703,0.614329611068675,1.8328114314653847,6.090184015217615,0.6648157030658081,1.0,PolyX_PolyF_30,0.05012291880778413,2.978460624995916,5.095107630031846,258.00256252116276,12.881721154666332
PolyX_PolyI_30,I,30,1.0373990290810684,7.56379480016663,3.742387608500703,1.321074989949862,1.8328114314653847,1.0211147511780272,0.27920845141519823,1.0,PolyX_PolyI_30,0.048452778712246306,2.9697075581788503,5.067261545242718,21.410512308012287,0.9889462503688221
PolyX_PolyK_30,K,30,160.6467998052858,1.966173753639732,3.742387608500703,1.842942552672075,1.8328114314653847,0.4746204938329646,0.005527639686637175,1.0,PolyX_PolyK_30,0.021921822281973195,3.352053558152728,3.589706209652741,7328.164805703271,160.62487798300384
PolyX_PolyL_30,L,30,2.9394777030134676,13.574433534883743,3.742387608500703,0.8697517268699587,1.8328114314653847,2.6272120782064077,0.5254548766238502,1.0,PolyX_PolyL_30,0.03556990869530819,2.9210325440338183,4.874347932901511,82.63942710111384,2.9039077943181595
PolyX_PolyS_30,S,30,0.20544701905870372,4.88436032085352,3.742387608500703,1.409427828319017,1.8328114314653847,0.30514549314957795,0.23100227108899066,1.0,PolyX_PolyS_30,0.0016490547082187491,2.866101048790629,3.404709222907241,124.58396449501306,0.20379796435048497
PolyX_PolyV_30,V,30,0.396085629368957,6.025616200977585,3.742387608500703,1.4928944134758104,1.8328114314653847,0.610099442209195,0.18546207872448778,1.0,PolyX_PolyV_30,0.002666929041816562,3.0010659087923,3.7757174793407535,148.51694139179378,0.3934187003271405
PolyX_PolyA_31,A,31,0.3313735905943878,5.948258153241833,3.352784401222608,1.6236949981134137,1.5771011435105136,0.7741248590493244,0.029543986316049167,1.0,PolyX_PolyA_31,0.003127074976525891,2.992358021576396,3.915976065440709,105.96884737124577,0.32824651561786194
PolyX_PolyE_31,E,31,0.8141874576734304,4.087776907296202,3.352784401222608,1.5065080991919522,1.5771011435105136,0.2192185414026549,0.04476126633287854,1.0,PolyX_PolyE_31,0.0003619927868058036,2.942194702160404,3.507176364015381,2249.119308880352,0.8138254648866245
PolyX_PolyF_31,F,31,18.243207612351554,28.30070286994509,3.352784401222608,0.5746636582341977,1.5771011435105136,7.440955183287394,0.6356202894159104,1.0,PolyX_PolyF_31,0.05262724985317231,3.0112444192415566,5.054930327741414,346.64939165081523,18.19058036249838
PolyX_PolyI_31,I,31,4.507847563951369,15.339766054012411,3.352784401222608,1.1462201093558464,1.5771011435105136,3.5752318724755154,0.27321078037871244,1.0,PolyX_PolyI_31,0.052212452979865626,2.9614951140550225,5.053925071776919,86.33661977772822,4.455635110971503
PolyX_PolyK_31,K,31,73.50571881746724,3.0568098101832573,3.352784401222608,1.886458160965463,1.5771011435105136,0.0882772512695484,0.19615547089538146,1.0,PolyX_PolyK_31,0.012870133521317943,3.273069781279027,3.343276922156377,5711.336372878305,73.49284868394592
PolyX_PolyL_31,L,31,11.029569497513076,22.90786221632837,3.352784401222608,0.7159068100130079,1.5771011435105136,5.832488903245587,0.5460615744533347,1.0,PolyX_PolyL_31,0.04172698913964924,2.908758441775796,4.8895205876582,264.32692800649335,10.987842508373427
PolyX_PolyS_31,S,31,0.13991669893041264,3.9046550371868256,3.352784401222608,1.4805667038023678,1.5771011435105136,0.16460069301294045,0.06121004991047504,1.0,PolyX_PolyS_31,0.0011923936886728131,2.836790656754294,3.4590980637208344,117.34004201726749,0.13872430524173984
PolyX_PolyV_31,V,31,0.3305376637156677,5.036889647459591,3.352784401222608,1.5180600517459784,1.5771011435105136,0.5023004895939229,0.037436465002564125,1.0,PolyX_PolyV_31,0.0018719888277540858,2.995744518868757,3.810311811780558,176.56937537307508,0.3286656748879136
PolyX_PolyA_32,A,32,0.14350880912781783,5.154052843294855,4.944001012589096,1.629593530743803,1.5675783728562165,0.042486203010658044,0.0395611211288858,1.0,PolyX_PolyA_32,0.0022558065862902277,2.983796805624128,3.884134220537217,63.61723289029596,0.1412530025415276
PolyX_PolyE_32,E,32,0.9842416061642029,4.993795326620051,4.944001012589096,1.5734069011480427,1.5675783728562165,0.010071663396541024,0.00371817345323942,1.0,PolyX_PolyE_32,0.0002962824372249503,2.905315171538874,3.562709107230371,3321.858685906822,0.983945323726978
PolyX_PolyF_32,F,32,8.772035005630471,28.974762965142403,4.944001012589096,0.5622906486981277,1.5675783728562165,4.860590014314898,0.6412998173267711,1.0,PolyX_PolyF_32,0.047334075038213894,2.9892101223185485,5.021751081539799,185.3217401064921,8.724700930592258
PolyX_PolyI_32,I,32,0.6617976295384388,6.224832158661479,4.944001012589096,1.459720552620883,1.5675783728562165,0.25906773538495526,0.06880537656232809,1.0,PolyX_PolyI_32,0.049073241382577064,3.000205629076566,5.048200096963233,13.48591362693777,0.6127243881558617
PolyX_PolyK_32,K,32,91.52608348291038,2.760328127998316,4.944001012589096,1.9171921514719288,1.5675783728562165,0.44168131823403994,0.2230279421236823,1.0,PolyX_PolyK_32,0.013085225565855063,3.362323449706517,3.5167145824391794,6994.607244346506,91.51299825734452
PolyX_PolyL_32,L,32,3.915259302415515,20.78590116635585,4.944001012589096,0.79926065981805,1.5675783728562165,3.2042671741829998,0.4901303350072687,1.0,PolyX_PolyL_32,0.03898478162753043,2.9445186782030293,4.884505344597941,100.4304278402407,3.8762745207879847
PolyX_PolyS_32,S,32,0.14867777899693624,4.709538983996913,4.944001012589096,1.4177669768266268,1.5675783728562165,0.047423539759632725,0.09556868008878233,1.0,PolyX_PolyS_32,0.0012606821678423545,2.9742523605579305,3.391739357691125,117.9334517889445,0.14741709682909387
PolyX_PolyV_32,V,32,0.2650841135406143,4.565626953059326,4.944001012589096,1.507866425120398,1.5675783728562165,0.07653195429497331,0.03809184202192074,1.0,PolyX_PolyV_32,0.000989180007548359,2.962448046307058,3.7716933043079353,267.9809859762004,0.2640949335330659
PolyX_PolyA_33,A,33,0.20222137191475775,4.785199346568663,3.392536268768016,1.6030671035024162,1.7219665957722916,0.41050794080571057,0.06904866363946491,1.0,PolyX_PolyA_33,0.0038790782363833415,3.025383420638368,3.929644718157904,52.13116062121298,0.19834229367837442
PolyX_PolyE_33,E,33,1.217639754330349,3.714568668736085,3.392536268768016,1.6871119906134688,1.7219665957722916,0.09492378988921275,0.02024116219466539,1.0,PolyX_PolyE_33,0.0011441918129896519,3.004470254443296,3.4690035741664715,1064.1826822042988,1.2164955625173592
PolyX_PolyF_33,F,33,17.57520954387436,28.11884931234828,3.392536268768016,0.5862180164725864,1.7219665957722916,7.288444716483315,0.6595648150714147,1.0,PolyX_PolyF_33,0.05413263791139093,2.9913261056953018,5.072666290986343,324.6693118105548,17.52107690596297
PolyX_PolyI_33,I,33,0.615231927420559,2.198846240466565,3.392536268768016,1.5992603408718358,1.7219665957722916,0.35185770577920283,0.07125937007240424,1.0,PolyX_PolyI_33,0.05111075386345255,2.9705599306611843,5.031314245176725,12.03722818669296,0.5641211735571064
PolyX_PolyK_33,K,33,24.060833843232682,3.405590624545472,3.392536268768016,1.9278932845242345,1.7219665957722916,0.003847963512618973,0.11958808565597406,1.0,PolyX_PolyK_33,0.002840265845483845,3.099501338710875,3.6389940289918377,8471.301786229811,24.057993577387197
PolyX_PolyL_33,L,33,8.133298676379436,20.168623067426086,3.392536268768016,0.8303347169946107,1.7219665957722916,4.944998511320331,0.5177985920091495,1.0,PolyX_PolyL_33,0.03970858739797066,2.876199645678196,4.850698315916753,204.8246276458784,8.093590088981465
PolyX_PolyS_33,S,33,0.17406042453164144,4.518394420989153,3.392536268768016,1.4737588371311363,1.7219665957722916,0.33186326188636056,0.14414202880041097,1.0,PolyX_PolyS_33,0.0007781296505275847,2.974747458961282,3.4513909680342016,223.68790025495696,0.17328229488111385
PolyX_PolyV_33,V,33,0.33457902740740086,5.234141902784539,3.392536268768016,1.4777103160530172,1.7219665957722916,0.5428403672410239,0.14184728107906586,1.0,PolyX_PolyV_33,0.0010953672088483825,2.990138110807256,3.75103966948329,305.44640212037854,0.33348366019855247
PolyX_PolyA_34,A,34,0.15043603142305662,4.741842842050443,4.679569644714809,1.6541343972607634,1.7213790285088613,0.013307462451374324,0.03906439554242061,1.0,PolyX_PolyA_34,0.007440910193372253,3.0122888310182074,3.98628283074939,20.21739617057745,0.14299512122968436
PolyX_PolyE_34,E,34,0.6077927316661589,5.759516205139276,4.679569644714809,1.3198986063478495,1.7213790285088613,0.23077903363275673,0.23323185394491114,1.0,PolyX_PolyE_34,0.0013500716330476464,2.826827907802885,3.434771386914857,450.18961578948387,0.6064426600331112
PolyX_PolyF_34,F,34,8.576622029296624,27.23810586236869,4.679569644714809,0.6219916960572219,1.7213790285088613,4.820643334827146,0.6386666238196127,1.0,PolyX_PolyF_34,0.06159659851624322,3.019304403784819,5.079364082567524,139.23854309340655,8.515025430780382
PolyX_PolyI_34,I,34,0.8131576416344147,8.219819319973917,4.679569644714809,1.3200513131788918,1.7213790285088613,0.756533173783946,0.23314314202934042,1.0,PolyX_PolyI_34,0.05568448177385449,3.019976401215235,5.000906978124822,14.602946273386232,0.7574731598605602
PolyX_PolyK_34,K,34,33.60411755436922,3.164927748654183,4.679569644714809,2.028335162940506,1.7213790285088613,0.32367119437388653,0.17831989895772382,1.0,PolyX_PolyK_34,0.007392355368488371,3.2156943924800223,3.621721432592569,4545.786886781107,33.59672519900073
PolyX_PolyL_34,L,34,4.737093484532678,21.617285170714226,4.679569644714809,0.775467059401514,1.7213790285088613,3.6195028201213284,0.5495082450997096,1.0,PolyX_PolyL_34,0.04469224722303801,2.956489966321546,4.855076823081569,105.99360557897255,4.69240123730964
PolyX_PolyS_34,S,34,0.16260161819189883,3.768830492924904,4.679569644714809,1.47103930335917,1.7213790285088613,0.19462027941362317,0.14542975196261523,1.0,PolyX_PolyS_34,0.00088104448256012,2.964648035473969,3.419249624585768,184.55342026002742,0.1617205737093387
PolyX_PolyV_34,V,34,0.28267862046679304,6.215252388545358,4.679569644714809,1.6484504038138503,1.7213790285088613,0.32816751548189405,0.04236639548129334,1.0,PolyX_PolyV_34,0.006052944546891292,3.023340255367473,3.912565203394801,46.700932292969654,0.2766256759199017
PolyX_PolyA_35,A,35,0.668525038158296,6.6751035893701305,2.933404968378896,1.5996089471275234,1.6160058448180277,1.2755479251332387,0.01014655840700293,1.0,PolyX_PolyA_35,0.003885659195718238,2.959022948797455,3.907129755678458,172.0488812827835,0.6646393789625777
PolyX_PolyE_35,E,35,6.01783076430683,1.4189637864473486,2.933404968378896,1.9428152512917176,1.6160058448180277,0.5162741586165928,0.20223281216565817,1.0,PolyX_PolyE_35,0.0015663145809303653,3.082205853881367,3.616010419544941,3842.007485276366,6.0162644497259
PolyX_PolyF_35,F,35,23.65324903864234,28.05334733253856,2.933404968378896,0.5998822043146557,1.6160058448180277,8.563407587750095,0.6287871072754653,1.0,PolyX_PolyF_35,0.06155791482795913,3.0132228246397625,5.091976585731229,384.2437688526371,23.591691123814382
PolyX_PolyI_35,I,35,0.6008129365997238,2.753857725368075,2.933404968378896,1.7735947404162256,1.6160058448180277,0.06120779263220698,0.09751752823390523,1.0,PolyX_PolyI_35,0.05162256243068736,2.994915012803232,4.96524879452629,11.638570267036263,0.5491903741690365
PolyX_PolyK_35,K,35,17.562746284450064,3.532051009010829,2.933404968378896,1.868161640755597,1.6160058448180277,0.2040788936696886,0.156036438077341,1.0,PolyX_PolyK_35,0.004250871280966026,3.1613081173209467,3.4977167277143617,4131.5541704469515,17.558495413169098
PolyX_PolyL_35,L,35,13.56947430094538,22.04842775645503,2.933404968378896,0.7787277570651921,1.6160058448180277,6.516325905945328,0.5181157546166661,1.0,PolyX_PolyL_35,0.04530166230919279,2.986032363481147,4.872229077136672,299.5358363005025,13.524172638636188
PolyX_PolyS_35,S,35,0.14462084351083915,3.3562576224175,2.933404968378896,1.5063328363782753,1.6160058448180277,0.14415079356475194,0.0678667152049207,1.0,PolyX_PolyS_35,0.000995590493222796,2.992258068862042,3.3856728676273926,145.25991549350894,0.14362525301761636
PolyX_PolyV_35,V,35,0.26977524865356883,3.4622925264149504,2.933404968378896,1.5395448958228204,1.6160058448180277,0.18029817353460625,0.04731477255505673,1.0,PolyX_PolyV_35,0.002218364126977441,2.9519035817587365,3.7895153932648986,121.60944602303874,0.2675568845265914
PolyX_PolyA_36,A,36,0.3843922813988219,7.214630664979028,3.9315345429411934,1.5632463522671256,1.6759458028454872,0.8350673474133435,0.06724528346144369,1.0,PolyX_PolyA_36,0.010552699145762593,3.004575288208483,4.093971591702671,36.42593348203607,0.37383958225305935
PolyX_PolyE_36,E,36,0.570957977709367,4.715539192425676,3.9315345429411934,1.5070163772213467,1.6759458028454872,0.19941441208805105,0.10079647285570059,1.0,PolyX_PolyE_36,0.000258809507104039,3.026002764160395,3.4613273857729805,2206.0082877750633,0.570699168202263
PolyX_PolyF_36,F,36,14.730057096243076,29.954334431333592,3.9315345429411934,0.5817566436149391,1.6759458028454872,6.6189930685245,0.6528786058432143,1.0,PolyX_PolyF_36,0.0637457251967575,3.003979018858832,5.07932281670605,231.07517782605066,14.66631137104632
PolyX_PolyI_36,I,36,2.4253966896334593,13.373709936972505,3.9315345429411934,1.277012682002321,1.6759458028454872,2.4016513885103983,0.2380346191182565,1.0,PolyX_PolyI_36,0.06071011578969708,3.0217898003853128,5.008656821524125,39.95044744323467,2.364686573843762
PolyX_PolyK_36,K,36,43.45898262423668,4.968687752178857,3.9315345429411934,2.148194554871951,1.6759458028454872,0.2638036618805252,0.2817804437498285,1.0,PolyX_PolyK_36,0.009321854021601378,3.2433657595177907,3.546672092275231,4662.048547750752,43.44966077021508
PolyX_PolyL_36,L,36,0.7084607921360705,5.112978304706092,3.9315345429411934,1.1243236767769915,1.6759458028454872,0.30050448466390867,0.3291407903119121,1.0,PolyX_PolyL_36,0.05148254421339667,2.901876127301973,4.887540464293299,13.76118187919504,0.6569782479226738
PolyX_PolyS_36,S,36,0.13001531807629763,4.060233435582076,3.9315345429411934,1.5657276441084278,1.6759458028454872,0.03273502782061351,0.06576475119298408,1.0,PolyX_PolyS_36,0.0009405213790197057,2.945155748877868,3.408847604426727,138.23602378031194,0.12907479669727792
PolyX_PolyV_36,V,36,0.26587583452730235,3.831512268245653,3.9315345429411934,1.5794836425954577,1.6759458028454872,0.025441026551610457,0.05755684944361102,1.0,PolyX_PolyV_36,0.004060783124649265,2.98063950944579,3.8209721471314,65.47386837153059,0.2618150514026531
PolyX_PolyA_37,A,37,0.19507798891657308,4.357829729070323,3.2737301291362235,1.706219549246094,1.6985435480241406,0.33115118142622835,0.004519166571197236,1.0,PolyX_PolyA_37,0.010034578201530545,2.9711232105917063,4.179638537328188,19.440557499591108,0.18504341071504254
PolyX_PolyE_37,E,37,0.89369895367814,4.554064160119484,3.2737301291362235,1.701361975013424,1.6985435480241406,0.3910933340498283,0.0016593198287802712,1.0,PolyX_PolyE_37,0.001235892083712209,2.955313135959182,3.470902084164301,723.1146912494776,0.8924630615944278
PolyX_PolyF_37,F,37,21.66274930507058,30.04601925973008,3.2737301291362235,0.5700024044605949,1.6985435480241406,8.17791573359095,0.6644169617413344,1.0,PolyX_PolyF_37,0.05571110661932501,3.026224516132612,5.085866896847568,388.84069499257225,21.607038198451257
PolyX_PolyI_37,I,37,0.590551349750521,2.202649873411638,3.2737301291362235,2.185528213582618,1.6985435480241406,0.3271742671126012,0.2867072004865406,1.0,PolyX_PolyI_37,0.051804515461823,2.9970309712709886,5.031040184304487,11.399609290615428,0.5387468342886981
PolyX_PolyK_37,K,37,21.6021104539732,2.646760058524373,3.2737301291362235,1.9136867432576763,1.6985435480241406,0.19151550246363075,0.12666333782481148,1.0,PolyX_PolyK_37,0.009522735592374593,3.3164958769442525,3.384874876908199,2268.475015364397,21.592587718380827
PolyX_PolyL_37,L,37,1.7363715141657503,9.35165473157261,3.2737301291362235,1.1147414340448745,1.6985435480241406,1.8565747213989359,0.34370747494721804,1.0,PolyX_PolyL_37,0.04181241423960454,2.8991698415881784,4.879747386790287,41.52764508978331,1.6945590999261457
PolyX_PolyS_37,S,37,0.13846248742882908,3.793857866855541,3.2737301291362235,1.5404916330776974,1.6985435480241406,0.15887923475737256,0.0930514352312602,1.0,PolyX_PolyS_37,0.001310064476133919,2.971451600192733,3.3533430763195926,105.69054656910598,0.13715242295269517
PolyX_PolyV_37,V,37,0.3120618107726139,4.409458958851913,3.2737301291362235,1.5666301009728334,1.6985435480241406,0.34692194680547866,0.07766268177507595,1.0,PolyX_PolyV_37,0.002427476503369442,3.0173751274217886,3.854532171801696,128.55346892329183,0.30963433426924447
PolyX_PolyA_38,A,38,0.21214158880865924,5.732460646662124,4.088176484521068,1.6333245722711438,1.760846957960717,0.4022047894377252,0.07242105005948973,1.0,PolyX_PolyA_38,0.006642037740919787,3.0035580258131627,3.969908925310383,31.939184583349892,0.20549955106773946
PolyX_PolyE_38,E,38,0.7715299456493436,7.566083624152751,4.088176484521068,1.3853629606821514,1.760846957960717,0.8507233366269706,0.21324056334425767,1.0,PolyX_PolyE_38,0.00045258218138470444,2.9561678270930627,3.38494819104597,1704.691281428791,0.771077363467959
PolyX_PolyF_38,F,38,10.588761057412533,26.53291876178392,4.088176484521068,0.6733324197116344,1.760846957960717,5.4901598211928135,0.6176087781692066,1.0,PolyX_PolyF_38,0.06787221265566672,3.00603191970408,5.102049408848288,156.01022985694823,10.520888844756866
PolyX_PolyI_38,I,38,0.604503186901618,2.67754762394025,4.088176484521068,1.9272493220704097,1.760846957960717,0.34505087192831263,0.09450132128598358,1.0,PolyX_PolyI_38,0.059293218475051555,2.9637790798223365,4.998907190242978,10.19514710952147,0.5452099684265664
PolyX_PolyK_38,K,38,8.333281645629429,2.425608024800072,4.088176484521068,1.8981750954969463,1.760846957960717,0.4066772718878272,0.07798982013477906,1.0,PolyX_PolyK_38,0.008568336489397099,3.2035991731782163,3.5265420617105745,972.5659035779481,8.324713309140032
PolyX_PolyL_38,L,38,3.613317696904555,16.720161161529276,4.088176484521068,0.9110972633291152,1.760846957960717,3.0898824267583085,0.48258009635074656,1.0,PolyX_PolyL_38,0.04858601889678185,2.8962340027356723,4.843811306824818,74.36947984740294,3.564731678007773
PolyX_PolyS_38,S,38,0.14492002293088282,3.3598404890619227,4.088176484521068,1.576560649825931,1.760846957960717,0.17815669118415534,0.10465776557220673,1.0,PolyX_PolyS_38,0.0006623411804535914,3.0299207779575035,3.398270538586312,218.79635336595712,0.14425768175042925
PolyX_PolyV_38,V,38,0.2872935458815024,3.059058305587212,4.088176484521068,1.67735323281048,1.760846957960717,0.25173036996577175,0.04741679836101899,1.0,PolyX_PolyV_38,0.0035594724682373813,3.018855741923752,3.825615228040444,80.71216769435787,0.283734073413265
PolyX_PolyA_39,A,39,0.22480538457602905,5.922038325828231,4.196260702527012,1.7673020476279395,1.6347909477430538,0.4112655875412949,0.0810569082657491,1.0,PolyX_PolyA_39,0.02572355661076956,3.030360765211777,4.418486987252207,8.739277409607377,0.1990818279652595
PolyX_PolyE_39,E,39,0.7493540014096942,7.600372004122338,4.196260702527012,1.2914292014945947,1.6347909477430538,0.8112249316505409,0.21003403935071613,1.0,PolyX_PolyE_39,0.0005773312519845927,2.9180866984119,3.38492424708923,1297.9394748492557,0.7487766701577097
PolyX_PolyF_39,F,39,9.204654882173644,25.44893667023541,4.196260702527012,0.7284329602834694,1.6347909477430538,5.064670065639609,0.5544182812553964,1.0,PolyX_PolyF_39,0.07112821692649564,2.961232962848178,5.087294873276773,129.40931160403863,9.133526665247148
PolyX_PolyI_39,I,39,0.6209884210620434,1.946425467280391,4.196260702527012,2.1072859742808645,1.6347909477430538,0.5361523972740201,0.28902473872278533,1.0,PolyX_PolyI_39,0.06498421514486219,3.0351809829284537,5.008583130163361,9.555987159618235,0.5560042059171812
PolyX_PolyK_39,K,39,31.032868321214654,3.496193221165289,4.196260702527012,2.007504936482934,1.6347909477430538,0.16683126502129347,0.22798877694694752,1.0,PolyX_PolyK_39,0.009403071886657632,3.315710723353184,3.386672540954758,3300.2869373336307,31.023465249327995
PolyX_PolyL_39,L,39,4.001812260693367,18.0088762778219,4.196260702527012,0.8447242728485427,1.6347909477430538,3.291648578215565,0.48328300079300957,1.0,PolyX_PolyL_39,0.05640992463658865,2.948373337893359,4.892550868793546,70.9416220116963,3.945402336056778
PolyX_PolyS_39,S,39,0.12512337400358584,4.365359426930541,4.196260702527012,1.5427081603221544,1.6347909477430538,0.040297478252887604,0.05632694966168382,1.0,PolyX_PolyS_39,0.000465015779819286,2.9940095977364063,3.3502087547257577,269.0676075038466,0.12465835822376654
PolyX_PolyV_39,V,39,0.2752923022586332,3.3191796777390405,4.196260702527012,1.6289496951227187,1.6347909477430538,0.2090149032589392,0.0035730884296853666,1.0,PolyX_PolyV_39,0.004722888037448282,2.9363515783280256,3.836947885665256,58.28885147970925,0.2705694142211849
PolyX_PolyA_40,A,40,0.19276436732504115,2.0507498312535426,2.6768196754278435,1.8136637675485,1.9658352659048528,0.23388570022903557,0.07740806210753881,1.0,PolyX_PolyA_40,0.0241728752946714,3.0095675792313874,4.310986108216498,7.974404584939372,0.16859149203036974
PolyX_PolyE_40,E,40,0.5571918640284093,3.3462135579342864,2.6768196754278435,1.6690169683918314,1.9658352659048528,0.25007059259583925,0.15098838781712418,1.0,PolyX_PolyE_40,0.0007532632475268804,2.9733115201054705,3.434370734200586,739.6942156883462,0.5564386007808824
PolyX_PolyF_40,F,40,21.394727835950036,24.461488194327806,2.6768196754278435,0.7497602752067409,1.9658352659048528,8.13826524023067,0.6186047283765487,1.0,PolyX_PolyF_40,0.07924869874002033,3.022431991683632,5.081181512342845,269.96941875906896,21.315479137210016
PolyX_PolyI_40,I,40,0.5487510325341729,2.8149952618187246,2.6768196754278435,2.0534284496732527,1.9658352659048528,0.0516193106540866,0.04455774361545074,1.0,PolyX_PolyI_40,0.06770000639023627,3.0126647164121554,4.949317738803847,8.105626287755436,0.48105102614393663
PolyX_PolyK_40,K,40,2.539968718446588,3.749103906490952,2.6768196754278435,1.8084740282835547,1.9658352659048528,0.4005814216423534,0.0800480286169179,1.0,PolyX_PolyK_40,0.002605747429022611,3.126963459516702,3.355085275725797,974.7525576082884,2.5373629710175654
PolyX_PolyL_40,L,40,0.6257636151785094,3.2794541892930424,2.6768196754278435,1.641174794033733,1.9658352659048528,0.22513078463863212,0.1651514129906924,1.0,PolyX_PolyL_40,0.0666176816799293,2.868555208950389,4.917007200149927,9.393354819092908,0.5591459334985801
PolyX_PolyS_40,S,40,0.24136913771833435,3.992201449652838,2.6768196754278435,1.572356312388013,1.9658352659048528,0.49139723019061926,0.20015866046422032,1.0,PolyX_PolyS_40,0.0005372488006198711,2.975464202957937,3.358083860457612,449.2604633741704,0.24083188891771448
PolyX_PolyV_40,V,40,0.30287233151300835,3.222507122689723,2.6768196754278435,1.7296976608468784,1.9658352659048528,0.2038566334038399,0.12012074925783918,1.0,PolyX_PolyV_40,0.006901287024639541,2.98500755053498,3.8576567776735935,43.88629129157465,0.2959710444883688
PolyX_PolyA_41,A,41,0.18995190086118235,3.664459237000188,3.0050008030107644,1.90073368160236,1.7056853394518523,0.21945366315000653,0.11435188990554923,1.0,PolyX_PolyA_41,0.032596560606498806,3.0183153904770714,4.471511552893118,5.82735844068552,0.15735534025468356
PolyX_PolyE_41,E,41,2.399048671129753,10.43890499172799,3.0050008030107644,1.2725314055825874,1.7056853394518523,2.473844326853112,0.2539471518284055,1.0,PolyX_PolyE_41,0.0015744141091276627,2.876318753041431,3.411605869872213,1523.7626616750604,2.3974742570206256
PolyX_PolyF_41,F,41,17.15383588375421,24.740134518002552,3.0050008030107644,0.729943318682764,1.7056853394518523,7.2329876561813125,0.5720527685854753,1.0,PolyX_PolyF_41,0.0789186102324242,3.03343205557039,5.093069858181019,217.3610718640827,17.074917273521784
PolyX_PolyI_41,I,41,0.5547783452900962,2.885000317164001,3.0050008030107644,2.2229019072907583,1.7056853394518523,0.03993359526777255,0.30323093942117213,1.0,PolyX_PolyI_41,0.07580400650027354,3.007994609419708,5.059184720811523,7.3185877332515,0.47897433878982265
PolyX_PolyK_41,K,41,13.151622401231933,3.205186613273989,3.0050008030107644,1.7422794589408577,1.7056853394518523,0.06661755632898819,0.02145420297788656,1.0,PolyX_PolyK_41,0.013175644068752159,3.411904408727205,3.265531773859911,998.1760550637695,13.13844675716318
PolyX_PolyL_41,L,41,6.225452520595687,15.847047950533783,3.0050008030107644,0.9175965092912262,1.7056853394518523,4.273558640868362,0.4620364682350441,1.0,PolyX_PolyL_41,0.059910212458880965,3.013921864952708,4.871163235740659,103.91302627641703,6.165542308136806
PolyX_PolyS_41,S,41,0.16135968290707936,4.018779257792485,3.0050008030107644,1.600054848779774,1.7056853394518523,0.33736378831113695,0.06192847427886326,1.0,PolyX_PolyS_41,0.0010371896760221243,2.91831949543272,3.355291438638055,155.57243859343188,0.16032249323105724
PolyX_PolyV_41,V,41,0.2606418799113266,2.600149729688065,3.0050008030107644,1.6512023518048078,1.7056853394518523,0.1347257787475703,0.03194199210538647,1.0,PolyX_PolyV_41,0.00563909138755653,3.028852031724645,3.822988198433181,46.22046350974812,0.25500278852377006
PolyX_PolyA_42,A,42,0.2098355341103108,4.891093539021257,3.5966576066744254,1.7920795642318474,1.667484729965948,0.35989968295695085,0.07472022503525037,1.0,PolyX_PolyA_42,0.03895644632781419,3.0159348113141133,4.51505072984633,5.386412263594215,0.1708790877824966
PolyX_PolyE_42,E,42,1.2636527527533585,9.240578109764144,3.5966576066744254,1.372048818872104,1.667484729965948,1.5692126191317535,0.1771745826421314,1.0,PolyX_PolyE_42,0.0007845822219886739,3.003257615681758,3.373585021498094,1610.5853682189577,1.2628681705313698
PolyX_PolyF_42,F,42,13.377304299659263,26.257221994762865,3.5966576066744254,0.7213301464231376,1.667484729965948,6.300450825799084,0.5674142416657285,1.0,PolyX_PolyF_42,0.08504949881549881,3.0187950634009915,5.088439844582961,157.28843688773287,13.292254800843764
PolyX_PolyI_42,I,42,0.54618487903051,3.2447703467594944,3.5966576066744254,1.8507749776837863,1.667484729965948,0.09783729740132151,0.10992019562396903,1.0,PolyX_PolyI_42,0.07088874339553684,3.020328371277867,4.932865298991519,7.70481709535744,0.4752961356349732
PolyX_PolyK_42,K,42,8.875163650631942,4.859609593615993,3.5966576066744254,1.6303814658234206,1.667484729965948,0.35114601528871403,0.022251036831554796,1.0,PolyX_PolyK_42,0.006487177454397477,3.201697451785835,3.276122563546877,1368.1065504921896,8.868676473177544
PolyX_PolyL_42,L,42,4.884772372616704,16.993140793386818,3.5966576066744254,0.9192721276315996,1.667484729965948,3.7247035030112783,0.4487073188068282,1.0,PolyX_PolyL_42,0.06378131627490978,2.985570042166458,4.849773978425965,76.58624644402025,4.820991056341794
PolyX_PolyS_42,S,42,0.12433395568284791,3.3758292919905264,3.5966576066744254,1.517206126361487,1.667484729965948,0.06139820323016048,0.09012292640756588,1.0,PolyX_PolyS_42,0.0006111433790904716,2.9640038849009938,3.299386975618136,203.44149265423965,0.12372281230375744
PolyX_PolyV_42,V,42,0.2737019266802803,2.5729399268650304,3.5966576066744254,1.79776372448358,1.667484729965948,0.2846302850484437,0.07812904800651,1.0,PolyX_PolyV_42,0.00954032494421018,3.0314759229720423,3.894914530999898,28.688922168962634,0.2641616017360701
PolyX_PolyA_43,A,43,0.20389833159377074,3.754316433340266,4.195960877942021,2.031059175730626,1.5294705432635272,0.10525466214984507,0.3279491943642326,1.0,PolyX_PolyA_43,0.055868389488187224,3.055069237824639,4.625174019226297,3.6496182718977455,0.1480299421055835
PolyX_PolyE_43,E,43,0.5518200812415448,4.545277119518971,4.195960877942021,1.4781118730654752,1.5294705432635272,0.08325059545080372,0.033579378448482404,1.0,PolyX_PolyE_43,0.0006991916263878105,2.904950089034706,3.3645638447942687,789.2145275638691,0.551120889615157
PolyX_PolyF_43,F,43,7.073022924978852,22.42526799068246,4.195960877942021,0.8310351129357256,1.5294705432635272,4.344489294114036,0.4566517697277818,1.0,PolyX_PolyF_43,0.09973623321296943,3.0477873150587027,5.104578219747383,70.91727838470554,6.973286691765882
PolyX_PolyI_43,I,43,0.6160989213764627,2.494730509420126,4.195960877942021,2.0335889259459283,1.5294705432635272,0.40544476414572567,0.3296031982458009,1.0,PolyX_PolyI_43,0.0869488593782893,3.021137516393925,4.983833451193092,7.085761158043299,0.5291500619981734
PolyX_PolyK_43,K,43,27.350433069488354,3.1427684844138155,4.195960877942021,1.942115674369016,1.5294705432635272,0.2510014807489723,0.2697960630382603,1.0,PolyX_PolyK_43,0.020820385664523128,3.3804626006556022,3.3581441573326427,1313.6365662873577,27.32961268382383
PolyX_PolyL_43,L,43,1.1449235893718208,9.590480756583332,4.195960877942021,1.1035192300018686,1.5294705432635272,1.285645895079733,0.2784959247092001,1.0,PolyX_PolyL_43,0.08018989607740108,2.8883329081774005,4.9111988096722765,14.277652205587012,1.0647336932944198
PolyX_PolyS_43,S,43,0.12480188829053566,3.982435543714284,4.195960877942021,1.4554441736464503,1.5294705432635272,0.05088830435722839,0.04839999694215893,1.0,PolyX_PolyS_43,0.0017703262521912872,2.926324083151841,3.3060396565244075,70.49614904290547,0.12303156203834438
PolyX_PolyV_43,V,43,0.3081751785084466,2.396317955797149,4.195960877942021,1.8330017061423545,1.5294705432635272,0.42889888025541767,0.19845505636948316,1.0,PolyX_PolyV_43,0.008922391152027745,3.029827687836214,3.778619319630735,34.53948923137236,0.29925278735641886
PolyX_PolyA_44,A,44,0.19874238168409952,2.876312823117104,3.7538728432240966,2.0525161194786685,1.725270755228838,0.23377457275651378,0.18967768581136418,1.0,PolyX_PolyA_44,0.052017152143999434,3.0268649637862377,4.7255897768078166,3.820707887406847,0.1467252295401001
PolyX_PolyE_44,E,44,0.5525541701884974,5.046111158313695,3.7538728432240966,1.5275017584748685,1.725270755228838,0.3442413659328245,0.11463070138677316,1.0,PolyX_PolyE_44,0.0003403734693383171,3.026404529248061,3.39481882776068,1623.328451474527,0.552213796719159
PolyX_PolyF_44,F,44,8.067560065930156,21.396261492147456,3.7538728432240966,0.8374597323779849,1.725270755228838,4.69978323340617,0.5145922865498841,1.0,PolyX_PolyF_44,0.08293856627328881,3.030981607770096,5.0892177483630965,97.27150414720097,7.984621499656867
PolyX_PolyI_44,I,44,0.6044162757052293,1.728005356940742,3.7538728432240966,2.3244529404715224,1.725270755228838,0.539673976954263,0.3472974797878664,1.0,PolyX_PolyI_44,0.06276421940992438,3.0386037289743726,4.86115585088779,9.62994816295248,0.5416520562953049
PolyX_PolyK_44,K,44,4.915817001249323,3.956810280542328,3.7538728432240966,1.6693121560116937,1.725270755228838,0.05406081819860846,0.03243467672975307,1.0,PolyX_PolyK_44,0.005001278949980334,3.265439093745029,3.318370246355334,982.9100158807368,4.9108157222993425
PolyX_PolyL_44,L,44,2.4574657466375776,12.811305557767826,3.7538728432240966,0.9881607505762168,1.725270755228838,2.4128235272787113,0.4272430877406554,1.0,PolyX_PolyL_44,0.06362553654074829,2.999663055407213,4.868641115108406,38.623884276793135,2.3938402100968292
PolyX_PolyS_44,S,44,0.13757429957307207,3.892309980824353,3.7538728432240966,1.4864274987475825,1.725270755228838,0.036878483470781716,0.1384381296427734,1.0,PolyX_PolyS_44,0.0010160421913909324,3.056168135582571,3.271178841506248,135.40081970074658,0.13655825738168115
PolyX_PolyV_44,V,44,0.27738436089760216,2.88637618009008,3.7538728432240966,1.9210408062108548,1.725270755228838,0.23109377950824458,0.11347207410123294,1.0,PolyX_PolyV_44,0.0058009305324652075,3.0159903623055664,3.796980941584807,47.817135746386114,0.27158343036513694
PolyX_PolyA_45,A,45,0.19951989059790126,4.550489911885292,3.936815685908648,1.9590617333559823,1.5278059717474273,0.15588086284385036,0.2822712894067998,1.0,PolyX_PolyA_45,0.06297408240796755,3.0294186755229355,4.637636290956178,3.168285289533729,0.13654580818993373
PolyX_PolyE_45,E,45,0.7599416442312045,7.603750299030824,3.936815685908648,1.3049197569683044,1.5278059717474273,0.9314468610373409,0.14588646654142662,1.0,PolyX_PolyE_45,0.0018767899752408085,2.9740652990689864,3.36712227710014,404.9134986447865,0.7580648542559637
PolyX_PolyF_45,F,45,5.499182068634609,18.53560647311811,3.936815685908648,0.8912325387555075,1.5278059717474273,3.7082738822302646,0.41665855793444717,1.0,PolyX_PolyF_45,0.10529599224890045,3.0463783111381684,5.078945034449152,52.225934044823006,5.393886076385709
PolyX_PolyI_45,I,45,0.6045229470389927,2.752621692182597,3.936815685908648,2.470008492100527,1.5278059717474273,0.3007999581907604,0.6167029961765734,1.0,PolyX_PolyI_45,0.08890410408912489,3.023798272164934,4.927962911868393,6.799718474591272,0.5156188429498678
PolyX_PolyK_45,K,45,19.863499543428524,3.055757875274133,3.936815685908648,1.7705952464661985,1.5278059717474273,0.22379960885345837,0.1589136835491493,1.0,PolyX_PolyK_45,0.020795337648104734,3.401215030874852,3.3259029022515105,955.1895875729138,19.842704205780418
PolyX_PolyL_45,L,45,3.6507853122060863,16.347157921999496,3.936815685908648,0.9565298025322952,1.5278059717474273,3.1523808138928517,0.3739193194550321,1.0,PolyX_PolyL_45,0.08277498190270975,2.991116355801459,4.872723463672135,44.10493107020857,3.5680103303033763
PolyX_PolyS_45,S,45,0.1174270068942168,4.326339940371417,3.936815685908648,1.5072436570232022,1.5278059717474273,0.09894399066154504,0.013458721267273852,1.0,PolyX_PolyS_45,0.0019641722792373664,3.0126419250299343,3.277563568860121,59.7841697970161,0.11546283461497943
PolyX_PolyV_45,V,45,0.32241323357870516,1.7846530404656444,3.936815685908648,1.8132879882851247,1.5278059717474273,0.5466759983573546,0.18685750796691647,1.0,PolyX_PolyV_45,0.01141932338692202,3.022772640137549,3.786917537714216,28.233980273134733,0.31099391019178313
PolyX_PolyA_46,A,46,0.23736441316085793,3.195388892639082,4.58319062015272,2.203512067482939,1.5853521739290903,0.3028025326748016,0.38991960506908663,1.0,PolyX_PolyA_46,0.07056987931144273,3.05484371838869,4.8106801818721046,3.3635367077495175,0.1667945338494152
PolyX_PolyE_46,E,46,0.5727357160903386,6.533742230994098,4.58319062015272,1.4810315659908946,1.5853521739290903,0.425588148628298,0.0658027974186017,1.0,PolyX_PolyE_46,0.00554615925121835,2.9515879203393505,3.384025742652576,103.2669019187475,0.5671895568391202
PolyX_PolyF_46,F,46,1.2526606775185802,6.443473117004553,4.58319062015272,1.1910470737666203,1.5853521739290903,0.4058924559393177,0.24871767084106985,1.0,PolyX_PolyF_46,0.09857389778654627,3.019771990212509,5.103667490877932,12.707832180409389,1.154086779732034
PolyX_PolyI_46,I,46,0.6340717906564936,1.868730335762549,4.58319062015272,2.420189653587156,1.5853521739290903,0.5922643218142475,0.526594338713416,1.0,PolyX_PolyI_46,0.08290917668362831,2.9968552633631416,4.954300632823444,7.647786886102705,0.5511626139728653
PolyX_PolyK_46,K,46,9.617972903549667,3.9108845873967897,4.58319062015272,1.7330376092288278,1.5853521739290903,0.14668952013467165,0.09315623224189877,1.0,PolyX_PolyK_46,0.012076285383106676,3.260515124945163,3.2855931080097367,796.4340551825261,9.605896618166561
PolyX_PolyL_46,L,46,2.1732729085867373,14.915765342955268,4.58319062015272,0.9827085015174168,1.5853521739290903,2.2544501372841106,0.38013236574312637,1.0,PolyX_PolyL_46,0.07654071719909666,2.952362104986427,4.886578438382863,28.393679915447503,2.0967321913876407
PolyX_PolyS_46,S,46,0.15922170604036268,3.184117181108801,4.58319062015272,1.5955316943663125,1.5853521739290903,0.30526189176859936,0.006420983680864751,1.0,PolyX_PolyS_46,0.0018669693951186839,2.981642169227188,3.3202084967198284,85.28305478713703,0.157354736645244
PolyX_PolyV_46,V,46,0.35914660317296215,1.826276655637454,4.58319062015272,1.8944353043028488,1.5853521739290903,0.6015272313555663,0.19496181066679708,1.0,PolyX_PolyV_46,0.012601940745001134,3.0355130896512708,3.810392070226565,28.499286375597546,0.346544662427961
PolyX_PolyA_47,A,47,0.36788908742696264,1.8292656501326487,5.558820377096246,2.208201506278229,1.5881284897331929,0.6709255694482074,0.39044259992414654,1.0,PolyX_PolyA_47,0.06416073464216454,3.0889165357358985,4.599368976896977,5.733865613292725,0.3037283527847981
PolyX_PolyE_47,E,47,0.542916727001057,7.948218323067516,5.558820377096246,1.3029265821220402,1.5881284897331929,0.42983902768583737,0.17958364795726756,1.0,PolyX_PolyE_47,0.0012822172505684653,2.883097063959982,3.329250210986086,423.41693078224563,0.5416345097504885
PolyX_PolyF_47,F,47,1.2243078103605192,3.429986982426931,5.558820377096246,1.2644689078329752,1.5881284897331929,0.3829649548383772,0.20379936761577322,1.0,PolyX_PolyF_47,0.11149650761611449,3.032530803738936,5.074640043901018,10.98068205659879,1.1128113027444047
PolyX_PolyI_47,I,47,0.6424201681473416,2.381190676538791,5.558820377096246,2.5985546260000087,1.5881284897331929,0.5716374131551538,0.6362370191070424,1.0,PolyX_PolyI_47,0.06917612642114984,3.048925664965867,4.666530190297546,9.28673096508652,0.5732440417261917
PolyX_PolyK_47,K,47,11.048860249481487,3.279953570035791,5.558820377096246,1.820853191318796,1.5881284897331929,0.40995510782286937,0.1465402220853686,1.0,PolyX_PolyK_47,0.026474926676853593,3.556061183486765,3.128138694532339,417.33283007778607,11.022385322804634
PolyX_PolyL_47,L,47,0.634324206855864,2.5142632207192768,5.558820377096246,1.7060403313758508,1.5881284897331929,0.547698423377974,0.074245782003739,1.0,PolyX_PolyL_47,0.09207442827694347,2.948428123023949,4.904820519511555,6.8892541592046435,0.5422497785789205
PolyX_PolyS_47,S,47,0.12982030085700116,4.345121470704205,5.558820377096246,1.618418813147518,1.5881284897331929,0.21833749321938675,0.019072967716493663,1.0,PolyX_PolyS_47,0.001915297045755222,3.0098830929911995,3.2814026631479467,67.780412098788,0.12790500381124595
PolyX_PolyV_47,V,47,0.4043850007362008,1.8338746382696816,5.558820377096246,1.9467332728792752,1.5881284897331929,0.6700964388369678,0.22580338144196904,1.0,PolyX_PolyV_47,0.014582332986385248,2.9713151053453517,3.852257279304353,27.731140401357546,0.3898026677498156
PolyX_PolyA_48,A,48,0.3158829811285571,3.3165134807282355,5.630723874082159,2.370793154599657,1.4718524294726651,0.41099695973480027,0.6107546565990071,1.0,PolyX_PolyA_48,0.08727044695364353,3.073250300767472,4.829518137898288,3.6195866522888545,0.2286125341749136
PolyX_PolyE_48,E,48,0.48703755646627067,5.371158931634541,5.630723874082159,1.459833313955204,1.4718524294726651,0.046097970394601964,0.00816597865165556,1.0,PolyX_PolyE_48,0.003099527965332862,3.08327497462532,3.378567599321855,157.1323087226542,0.4839380285009378
PolyX_PolyF_48,F,48,1.3907897872149164,9.57793899667875,5.630723874082159,1.1207892117868543,1.4718524294726651,0.7010137969587453,0.2385179455875136,1.0,PolyX_PolyF_48,0.1128147352155797,3.07319316402639,5.0591014636684095,12.328085167920483,1.2779750519993367
PolyX_PolyI_48,I,48,0.6782238075608766,2.30391402202018,5.630723874082159,2.5349925040447854,1.4718524294726651,0.5908316455323017,0.7223143117364162,1.0,PolyX_PolyI_48,0.08571068488275992,3.052007821236593,4.821149365920084,7.912942585386698,0.5925131226781167
PolyX_PolyK_48,K,48,10.75977325628139,3.2256527529533887,5.630723874082159,1.7220386580009597,1.4718524294726651,0.42713355776495276,0.16998051130569602,1.0,PolyX_PolyK_48,0.009518675395093722,3.251157166024476,3.229592380784767,1130.3843765891631,10.750254580886295
PolyX_PolyL_48,L,48,0.6594604457470423,2.085282063777414,5.630723874082159,1.6394720684756372,1.4718524294726651,0.6296600383165962,0.11388345437798188,1.0,PolyX_PolyL_48,0.09571746725817327,2.9819840374768094,4.918513148832423,6.889655522035097,0.563742978488869
PolyX_PolyS_48,S,48,0.15615597173192403,3.7356070587129495,5.630723874082159,1.530906083851023,1.4718524294726651,0.3365671728447392,0.04012199402321568,1.0,PolyX_PolyS_48,0.0009975514337901977,3.014198775410034,3.249670274713147,156.53769927593854,0.15515842029813381
PolyX_PolyV_48,V,48,0.4018157778857724,1.7894875248094864,5.630723874082159,2.011361622645214,1.4718524294726651,0.6821922785014595,0.36655114491732305,1.0,PolyX_PolyV_48,0.02075461035977813,3.055483428639778,3.952817379896121,19.36030488249643,0.3810611675259943
PolyX_PolyA_49,A,49,0.3171166170634487,2.257811904793384,4.897963721316245,2.2095816517006086,1.5104035646010716,0.5390304964964838,0.4629081283214557,1.0,PolyX_PolyA_49,0.09505439045392036,3.096242099954389,4.970723596004175,3.3361592472215706,0.22206222660952832
PolyX_PolyE_49,E,49,0.5248293166923845,6.848871840689283,4.897963721316245,1.3523944111562705,1.5104035646010716,0.39831003869680853,0.10461386423338757,1.0,PolyX_PolyE_49,0.0007799215348605293,2.999123912197152,3.319674221985321,672.9171641793363,0.524049395157524
PolyX_PolyF_49,F,49,2.4516873064011158,14.619326638554035,4.897963721316245,1.0244254079797046,1.5104035646010716,1.9847764235022425,0.32175384646269933,1.0,PolyX_PolyF_49,0.10372661106615247,3.0759320752254267,5.041889894430891,23.636047151651965,2.3479606953349634
PolyX_PolyI_49,I,49,0.6342687318342752,2.093474944584949,4.897963721316245,2.4935991116774394,1.5104035646010716,0.572582594788521,0.6509489053914209,1.0,PolyX_PolyI_49,0.06269997845922974,3.0509939496349325,4.634631123902842,10.115930599360548,0.5715687533750455
PolyX_PolyK_49,K,49,23.7162484824178,3.884387515740456,4.897963721316245,1.796063543786239,1.5104035646010716,0.20693828359010535,0.18912824749630136,1.0,PolyX_PolyK_49,0.02484576772971983,3.6092461909253535,3.193378762323381,954.5383823525508,23.69140271468808
PolyX_PolyL_49,L,49,0.6002322613609116,2.7538939541585203,4.897963721316245,1.4942176174047896,1.5104035646010716,0.43774717191689244,0.010716306274447258,1.0,PolyX_PolyL_49,0.09173615735402152,3.0127495239639406,4.937462507347736,6.543027452242899,0.50849610400689
PolyX_PolyS_49,S,49,0.13294829816449852,3.8565882056196976,4.897963721316245,1.5677403918117143,1.5104035646010716,0.21261397081493597,0.03796126317126809,1.0,PolyX_PolyS_49,0.0011483911221718153,3.043822691316884,3.2427323106898345,115.76817158892307,0.1317999070423267
PolyX_PolyV_49,V,49,0.3382199841952283,2.375534311419244,4.897963721316245,2.0948320093602426,1.5104035646010716,0.5149955274105502,0.38693529229953216,1.0,PolyX_PolyV_49,0.018766767510027118,3.0441035706840576,3.971586392100369,18.022272817723596,0.3194532166852012
PolyX_PolyA_50,A,50,0.3391103163462488,2.988886338405364,6.043994920745435,2.2842134947897224,1.461774443379102,0.5054783503959778,0.5626306131809461,1.0,PolyX_PolyA_50,0.11602503659598842,3.077436897197312,5.040089530381946,2.9227337225475725,0.22308527975026035
PolyX_PolyE_50,E,50,0.49383483030820413,6.846515637619372,6.043994920745435,1.3707643556161329,1.461774443379102,0.13277984634291481,0.06226000746913199,1.0,PolyX_PolyE_50,0.0027078409196625583,2.990521002560797,3.3255928927927965,182.37149863839028,0.49112698938854155
PolyX_PolyF_50,F,50,1.2065689992242985,3.650262035730966,6.043994920745435,1.4179228320066093,1.461774443379102,0.3960514388915533,0.029998890438338355,1.0,PolyX_PolyF_50,0.11922618487235745,2.987145522408853,5.0751880852380005,10.11999922094336,1.087342814351941
PolyX_PolyI_50,I,50,0.7347002684296671,1.559614191691579,6.043994920745435,2.4843158337590188,1.461774443379102,0.7419564026537561,0.6995206374084398,1.0,PolyX_PolyI_50,0.08551572320204585,3.0400096921319677,4.770214806975532,8.591404656425144,0.6491845452276213
PolyX_PolyK_50,K,50,20.373279389410644,4.301338188293106,6.043994920745435,1.74067219163326,1.461774443379102,0.2883286229230317,0.19079396928670173,1.0,PolyX_PolyK_50,0.02924090582096479,3.598836023534773,3.192552467604617,696.7387585994711,20.344038483589678
PolyX_PolyL_50,L,50,0.6542117752429973,2.541644716573952,6.043994920745435,1.5799738386513813,1.461774443379102,0.5794760336660775,0.08086021465736148,1.0,PolyX_PolyL_50,0.09520635251402525,2.9308516223341434,4.86159497869942,6.871513184285585,0.5590054227289721
PolyX_PolyS_50,S,50,0.13590466560961445,4.853812386037326,6.043994920745435,1.6078517210136227,1.461774443379102,0.19691984363238313,0.09993147595113379,1.0,PolyX_PolyS_50,0.00044195937775925103,3.005232488970675,3.225681489460179,307.4979228168252,0.1354627062318552
PolyX_PolyV_50,V,50,0.4151675810460443,1.6729602076020418,6.043994920745435,1.9143861561054207,1.461774443379102,0.7232029097410777,0.30963170465618595,1.0,PolyX_PolyV_50,0.014044393322235171,3.0363049304930296,3.77984201112871,29.56106938261655,0.4011231877238091
