n,aa,n_res,n_samples,xi_exp,xi_exp_R2,xi_exp_saturated,xi_exp_A,xi_exp_c,xi_log,xi_log_R2,xi_log_p,pl_alpha,pl_R2,spearman_r,spearman_p
5,E,5,250,393.81457750076277,0.9696606746816346,False,0.6748174752343655,0.32544265031837727,7.327618668495074,0.9462302029777513,0.027256352897768173,0.002392620512026045,0.8735456897693301,-1.0,0.0
5,G,5,250,566.1926696798657,0.9233899979054554,False,1.1424238307122516,-0.14178998985800753,6.442780473112032,0.8881315735320275,0.0575926711171928,0.0020271347149372356,0.7974609954095699,-1.0,0.0
5,K,5,250,114.86832383684668,0.9570389734067204,False,2.0042103660955903,-0.9999999999999999,1.7206000074279388,0.833117201578554,0.08724745873892303,0.01758445003596125,0.8513667881703757,-1.0,0.0
5,L,5,250,160.01611352693448,0.8781462303389339,False,2.003301277754698,-0.9991704947538039,2.021065240695749,0.7723025909923796,0.12119251767387662,0.012232995195681435,0.7329514431524913,-1.0,0.0
5,S,5,250,465.91275191412154,0.8688224788186354,False,1.1936478687958223,-0.19272633944555703,5.381122723436473,0.8253737089322025,0.09149919706573591,0.0025184218193362615,0.7218206531895385,-1.0,0.0
6,E,6,250,91.63635491425485,0.815752364938465,False,2.0115736192734888,-0.9999999999999999,1.994695772589648,0.6548762858535959,0.09709926392362864,0.023855937560027927,0.6358466995399711,-0.9999999999999999,1.4042654220543672e-24
6,G,6,250,648.7173563345743,0.8589139127506136,False,1.0175374597323952,-0.016602443398499603,8.508784135387836,0.8130995955069542,0.03643519414232505,0.0020339963300620703,0.68935881618436,-0.9999999999999999,1.4042654220543672e-24
6,K,6,250,66.84750271970911,0.8218582833409949,False,2.0150454014505526,-0.9999999999999616,1.788061116857028,0.6473311194607647,0.10061546754280043,0.03271426196792502,0.6433658981395132,-0.9999999999999999,1.4042654220543672e-24
6,L,6,250,761.9010732486255,0.8209276659710166,False,2.0013944465183533,-0.9999999559091836,5.867034113337786,0.7555222621479036,0.05565410911093123,0.002898098208345611,0.6413928394667092,-0.9999999999999999,1.4042654220543672e-24
6,S,6,250,434.5611517246004,0.8148735639838022,False,2.002600310296884,-0.9999998571916957,4.115596249237505,0.7240084573780484,0.06755341027680611,0.0050811985657146135,0.6348934597278965,-0.9999999999999999,1.4042654220543672e-24
7,E,7,250,496.3261195781177,0.960324309338639,False,0.11770510944848624,0.882457285685316,45.1400038823063,0.9539540246789685,0.0008076165813868864,0.0010000005214495173,0.8209928740780418,-1.0,0.0
7,G,7,250,275.87869716165113,0.7775614264379255,False,2.005173791633495,-0.9999999018365177,3.7676886004201924,0.6386109736527386,0.056469956090717324,0.00881720441997461,0.5794866323430334,-1.0,0.0
7,K,7,250,44.158927884721855,0.8000976107349431,False,2.0277063802633863,-0.9999999999997194,1.9707274434391513,0.5789522389955272,0.07892556091355678,0.05481603311874978,0.6040476516995672,-1.0,0.0
7,L,7,250,62.438537045461175,0.9737239318037785,False,0.05969451110672804,0.9404452836412456,13.199657676831372,0.9677613154667333,0.00039401575707591487,0.0014039942935003312,0.9148741648196983,-1.0,0.0
7,S,7,250,222.40279383338145,0.7731325633923296,False,2.006712194443045,-0.99999993732287,3.4271066643048234,0.6238046304513233,0.06162496156492958,0.01091776105342812,0.5748941387481212,-1.0,0.0
8,E,8,250,277.6624490029823,0.8824869389013458,False,2.004326550165264,-0.9999997235350949,4.247382831413351,0.7007641352931784,0.018800015893957654,0.01009950532673548,0.7015505024351423,-1.0,0.0
8,G,8,250,569.4338154279961,0.7789187115249842,False,2.003006696032086,-0.9999999984186649,6.108875533578719,0.6561255703139205,0.027198928507242686,0.004791661260382114,0.5710744867514217,-1.0,0.0
8,K,8,250,1.7941775525970058,0.8760564366836107,False,0.06682548770279104,0.9504431826383599,4.021218584993868,0.46199762510590825,0.09298984125947869,0.42494655441817647,0.8498129112923227,-0.7857142857142859,0.03623846267982713
8,L,8,250,5.222481865069649,0.9870515823746464,False,0.006612486383131867,0.9936311286694467,18.988888898245197,0.9723324838068013,4.366610874682182e-05,0.003435551518512741,0.9714819342201333,-1.0,0.0
8,S,8,250,1330.4565664993763,0.830975294496466,False,0.8958477421374573,0.10473588737385366,18.532127689397036,0.7901769792202402,0.007433743006793761,0.001139150652430309,0.6354838922511283,-1.0,0.0
9,E,9,250,2317.621796350205,0.8637394570021796,False,2.0007995232613784,-0.9999997838419804,15.81708168926832,0.8076213717069243,0.0024068876611719548,0.0013169860275578824,0.6638908762896536,-1.0,0.0
9,G,9,250,1258.591874401077,0.7795681797868959,False,2.0015520633169084,-0.999999273476622,10.593253197771954,0.683068157906362,0.011420668238196928,0.002366344134364541,0.5705733133376153,-1.0,0.0
9,K,9,250,70.49650071052285,0.7210777784622915,False,2.028871949075753,-0.9999999794716933,3.240019671353799,0.4857943066387839,0.054704102463410856,0.040687181566606,0.5015904933906524,-1.0,0.0
9,L,9,250,803.1698668448702,0.9878945855293364,False,0.1746027734557513,0.8255699860472469,49.83164883396289,0.9837520234598259,1.3486893494322658e-06,0.001000001579177514,0.8542312579236081,-1.0,0.0
9,S,9,250,1348.3367908914815,0.9876188331435227,False,0.32995066348293445,0.6702224905374953,44.7137839291153,0.9819863275149273,1.8391305242723453e-06,0.0011993001716946988,0.8613633415120981,-1.0,0.0
10,E,10,250,167.4977828593008,0.6988988131745231,False,2.015317628571563,-0.9999999999999999,4.812374512185464,0.480403667135711,0.03843816732643518,0.0186381917994301,0.4757516063921733,-1.0,0.0
10,G,10,250,517.7572245738423,0.9287144650692156,False,2.0020604429893445,-0.9999999849174989,5.7997563172796545,0.8340577217380073,0.0005807248000517701,0.006633625739339305,0.7592660599928023,-1.0,0.0
10,K,10,250,436.1438257840228,0.7269897555661788,False,2.0058115711378837,-0.9999999986199413,6.746913402491382,0.5522495822731657,0.021765260245847448,0.007243751731974435,0.5029966927651531,-1.0,0.0
10,L,10,250,879.0444428612653,0.9541911484831569,False,0.2678857360626445,0.7325106912950615,37.396647871069064,0.941707148256883,1.42455730004083e-05,0.0016798874429666895,0.7700863482213913,-1.0,0.0
10,S,10,250,167.8944634878335,0.9996196833778531,False,0.03658767601023763,0.9635284603878723,51.20525375460316,0.9991759461468757,4.6764453789789586e-12,0.003301838721746597,0.9097129455919246,-1.0,0.0
11,E,11,250,127.62603274100923,0.6616194863091573,False,2.023631662996871,-0.9999999999999999,5.091310740996156,0.4287683098497649,0.03990718673000895,0.026017816712653966,0.4356157792743999,-0.9999999999999999,6.646897422032013e-64
11,G,11,250,735.5331851317939,0.7412100809574219,False,2.003539292676983,-0.9999998802627181,9.310419513287751,0.5802308998641157,0.01045615077757669,0.004677233465612417,0.5157869695159363,-0.9999999999999999,6.646897422032013e-64
11,K,11,250,336.4000884393206,0.9505948723099599,False,2.004579294373883,-0.9999998049591053,6.064289235151088,0.7594149690065114,0.001020290325415687,0.011130224460082477,0.7881451997196273,-0.9999999999999999,6.646897422032013e-64
11,L,11,250,1856.6405230890555,0.9506869595956309,False,0.47084187950251927,0.5295360975156919,44.44942049027879,0.9392575606917455,3.816467603726188e-06,0.0011109359724752036,0.7520185100515113,-0.9999999999999999,6.646897422032013e-64
11,S,11,250,469.6255091437079,0.9985908145265996,False,0.1115152560478461,0.8886294184874826,47.17032334854968,0.9965669247360097,3.803545636781948e-11,0.0010000005326707335,0.8917156064143372,-0.9999999999999999,6.646897422032013e-64
12,E,12,250,1865.6835058498198,0.9595844397265757,False,2.0012049739126976,-0.9999999954502002,14.361943325866983,0.9150157991824237,4.078322114763738e-06,0.00213900808497993,0.7623345017463469,-1.0,0.0
12,G,12,250,836.5632243117677,0.7176210595100027,False,2.0038286861112438,-0.999998716267148,10.77633716583908,0.5546677471952077,0.008549620942388514,0.004468839064624733,0.48910001833308525,-1.0,0.0
12,K,12,250,239.85463906051,0.8134220186165114,False,2.0072421538564655,-0.9999999999999999,6.4107937438807445,0.5587847614440142,0.008177122590685116,0.015538739797872932,0.5775691433434744,-1.0,0.0
12,L,12,250,2220.097029782879,0.9393978281719141,False,0.7664782725737037,0.23410643794516656,34.35597023206594,0.9232626661310652,2.5669347582475594e-06,0.0010000008938524474,0.7236218309939586,-0.990909090909091,3.762571807085399e-09
12,S,12,250,1825.6429449769205,0.9086108874042981,False,0.8530058569083335,0.14753491917599418,27.77659275359802,0.8670497812201391,3.122256037019306e-05,0.0010477510135938762,0.7068409246600929,-1.0,0.0
13,E,13,250,782.4306188085881,0.7866052440308752,False,2.0041213117154024,-0.9999997324708894,10.890951422053565,0.6070515382247484,0.0028180594209900045,0.005098242149318279,0.5524268066341631,-1.0,0.0
13,G,13,250,531.3215611396439,0.6753071704726847,False,2.0067291079042575,-0.9999998444751386,9.81142221368508,0.47594103700706064,0.01303705616098179,0.007253671663330842,0.44311466066798677,-1.0,0.0
13,K,13,250,153.07739957570703,0.7967331255037975,False,2.016904818941598,-0.9999999999999992,6.043756249700559,0.5345296352820484,0.00690029093151308,0.025738189395108975,0.5554563981553065,-1.0,0.0
13,L,13,250,1819.3166372376638,0.9448213002425391,False,0.7319140835616733,0.26881664323978677,30.921951966416835,0.9248376439242714,6.097738063504111e-07,0.0010000014662382287,0.7258339110402496,-0.9930069930069931,1.3016730560634403e-10
13,S,13,250,685.1084393294475,0.6606156272423933,False,2.0051792973798825,-0.9999997656983719,10.889415267548276,0.48150682366141756,0.012306150539991127,0.005607714825853526,0.4302042673211146,-1.0,0.0
14,E,14,250,1026.0526802487798,0.7850536125646743,False,2.0035868870345723,-0.999999999178481,13.238608280877333,0.6086381259494722,0.0016550484806684557,0.004145807403697019,0.5508138536789118,-1.0,0.0
14,G,14,250,1232.8750744344502,0.7445196045170849,False,2.0027656487627,-0.9999998678368623,14.658416014613584,0.5844304412627742,0.0023393700809694203,0.0034209476542796124,0.5131463177506702,-1.0,0.0
14,K,14,250,235.3376064453119,0.8089593328598127,False,2.0123084483047666,-0.9999999907963318,7.617801748711011,0.5302693758151897,0.004765896237753242,0.017976369800558716,0.5684564378022221,-1.0,0.0
14,L,14,250,2147.350332855988,0.9353259070210282,False,0.8405301129488711,0.16029087981097473,32.352579370182205,0.910962711885816,4.0838247961630207e-07,0.001000001491249168,0.7043556863902041,-0.9945054945054945,3.909411051466979e-12
14,S,14,250,1773.7375940800252,0.997275251075703,False,0.6933233737025302,0.30702867478840795,31.722690896470716,0.9893794046298146,3.2897748364158865e-12,0.0010037343670907556,0.8607241248444124,-1.0,0.0
15,E,15,250,3303.9440773054134,0.9845555021374415,False,2.0008725026630962,-0.9999997099116262,23.21134551975912,0.9589954847600027,1.0916312389584535e-09,0.0014784863966830347,0.8055351075323811,-1.0,0.0
15,G,15,250,1416.028093033666,0.8830814900023589,False,2.0025022220570885,-0.9999999828618749,14.874850876945148,0.7664522179575723,4.095213567670315e-05,0.003287762952268512,0.657456099701875,-1.0,0.0
15,K,15,250,66.90373449427112,0.7370419309908597,False,2.0517620545823467,-0.9999999999999957,6.581851723790693,0.3930507663515999,0.016415814821027837,0.06416557106227888,0.4932555186541572,-1.0,0.0
15,L,15,250,4280.4582404868725,0.9361529741960983,False,2.001089774240405,-0.9999999864885091,28.46959902813803,0.9063716311750295,1.584703609475749e-07,0.0010975801700536453,0.6986865971038141,-0.9956043956043955,1.0315953358848785e-13
15,S,15,250,1314.4037768652802,0.9956164138411571,False,0.5786277623201654,0.42190341864582487,29.206552910725943,0.9853046054825781,2.286402274116165e-12,0.0010925088662848853,0.8429296590225701,-1.0,0.0
16,E,16,250,199.83138295031577,0.661266651456844,False,2.025167842767305,-0.9999999999999999,9.48144700168753,0.3748868920280753,0.01525652456873909,0.02274596942579126,0.4265625034565186,-1.0,0.0
16,G,16,250,1814.351562785925,0.8841824745268325,False,2.0021452178790304,-0.9999999832848524,18.31543773894115,0.7618154573028967,2.1725106806725868e-05,0.0027367545368255607,0.6581409721166428,-1.0,0.0
16,K,16,250,215.91818684956365,0.8385474194140243,False,2.0152264475213024,-0.9999999999999994,8.833424847555726,0.5064242677170376,0.002925133916476199,0.02238547336014207,0.6123741401145388,-1.0,0.0
16,L,16,250,2426.7070425462625,0.9411591733730525,False,1.1169977055348717,-0.11584367289968836,29.38336130646972,0.9117804660061234,3.162911704386272e-08,0.0011462741937464651,0.7013488290550092,-0.9964285714285712,2.4159793199703443e-15
16,S,16,250,1630.2802148252797,0.9992916910944448,False,0.6599561405098224,0.34037316860377487,31.579243327968328,0.9935118000025326,1.3081477981946214e-15,0.001073803547327739,0.8668287446277319,-1.0,0.0
17,E,17,250,521.762432211222,0.6291384004372796,False,2.009870417200203,-0.9999999980519529,13.504129790141707,0.3949969556515429,0.009120200390532698,0.00910171026294085,0.39322794288594154,-1.0,0.0
17,G,17,250,1634.8896378113204,0.9964689718228225,False,1.240269660164058,-0.2393624619053981,20.149605517282822,0.9758314534367126,1.019820287746893e-12,0.002101629123172284,0.8409973177811183,-1.0,0.0
17,K,17,250,125.82796464105255,0.6868337539260392,False,2.0335633158864623,-0.9999999999999257,9.06783601069759,0.3697201500190159,0.012457475680046085,0.03781764086777957,0.44315465530842213,-1.0,0.0
17,L,17,250,3016.650209542137,0.934536744117764,False,2.001833211203421,-0.9999999962559258,23.503291507215135,0.8866496869221008,5.306383449842907e-08,0.0017135765978738041,0.6873789573346795,-0.9970588235294118,5.0655883449921147e-17
17,S,17,250,2254.9736022315938,0.9901412398411802,False,1.3373878759807765,-0.3364790717847381,24.318248172899562,0.9677055123031661,7.784894908792884e-12,0.0016164846492625691,0.8125311987034634,-1.0,0.0
18,E,18,250,233.9135228942522,0.5822744288165378,False,2.0250603516117995,-0.9999999999998259,11.896844656232313,0.3225780119688834,0.01738761449060216,0.02085627249180619,0.3511046313516628,-1.0,0.0
18,G,18,250,1729.9583398548614,0.9937835911298293,False,2.001909902400975,-0.999999775501023,16.072976416577664,0.9615668106857838,5.005576354626593e-12,0.003328916238204704,0.8215263864640632,-1.0,0.0
18,K,18,250,159.09298140486865,0.9886474618107212,False,2.0031872477420625,-0.9999999999999999,7.3640532628681425,0.7767719756344384,2.9515024890726196e-06,0.0356180170378872,0.8205320708319342,-1.0,0.0
18,L,18,250,3006.099734359111,0.9374013494732019,False,1.805699987036444,-0.8039816631310266,25.452000306509245,0.8931364891769805,1.1076753222143663e-08,0.001628381358862649,0.6871025070850151,-0.9975490196078433,9.580348013919738e-19
18,S,18,250,2907.4515238803056,0.9362615798938989,False,2.0011299481737104,-0.9999999744712267,24.75429168774771,0.8608330875763057,8.159709924187889e-08,0.0019168522388532828,0.7236035673321879,-1.0,0.0
19,E,19,250,116.06529354684255,0.9972326105652753,False,0.3391080144654814,0.6633625276429798,10.987741209511253,0.9547978414162567,3.4936596562267063e-12,0.0084377777897004,0.8702523029474285,-1.0,0.0
19,G,19,250,954.2768797202324,0.809457279023613,False,2.005312922699638,-0.9999997885133804,16.895139674737134,0.5778407730596167,0.0002510399612836566,0.005817288426050646,0.5663151692531937,-1.0,0.0
19,K,19,250,159.51516549537314,0.8022853392848,False,2.024306843715237,-0.9999999999999999,10.786175408762684,0.4101786405363182,0.004191829144411648,0.03461103203776644,0.5728772633050057,-1.0,0.0
19,L,19,250,3155.9859173228565,0.9379208840860825,False,2.000555856156354,-0.9985962276980626,24.89068354641275,0.890767654648058,4.189005925852864e-09,0.0017978392074437387,0.683585072644973,-0.9979360165118679,1.6451231715312417e-20
19,S,19,250,3008.373523905992,0.9896870869522768,False,2.0011360335345625,-0.9999994053512692,23.68195093952854,0.9603990705587823,1.2092772537237556e-12,0.001992953708704725,0.8042993652338717,-1.0,0.0
20,E,20,250,2500.963406514115,0.9945342559187773,False,2.0013266481012204,-0.9999999109478611,21.158783007365425,0.9655953392008912,7.052950195779337e-14,0.00255177402566201,0.818771008133604,-1.0,0.0
20,G,20,250,700.7849888381592,0.6955732668676402,False,2.008066885274823,-0.9999999999999999,17.321625395806485,0.433212648710552,0.0021866500022217645,0.008006209189524613,0.4547150358913925,-1.0,0.0
20,K,20,250,237.74253589174356,0.9793808279678047,False,2.010738030262084,-0.9999999999999999,8.944341193220092,0.7673179087716251,8.884424037079924e-07,0.025813937390041966,0.7832052863605147,-1.0,0.0
20,L,20,250,2317.5023541948053,0.9397660331559347,False,2.0028356884328375,-0.9999999927134341,21.305389889070916,0.8774863242877505,3.590379546824575e-09,0.002586983145189704,0.6830841040814265,-0.9982456140350877,2.579846712328762e-22
20,S,20,250,2275.2086886997963,0.9974999731346156,False,1.6493308121516768,-0.648330560935319,22.31747934768391,0.9788001633552877,1.1437157793586815e-15,0.0023075635780064174,0.8369105685320026,-1.0,0.0
21,E,21,250,1102.5837476810564,0.9410853388468478,False,2.0028470709230493,-0.9999999686082558,15.940728044496908,0.8077740018682856,7.309750265987475e-08,0.0057125695332734495,0.7093579150250544,-1.0,0.0
21,G,21,250,675.0180607264415,0.8540843445113594,False,2.0076268987661057,-0.9999999913776543,15.782655288277505,0.6002492399544417,6.049250415359236e-05,0.009003207461923061,0.6015280800237379,-1.0,0.0
21,K,21,250,259.19510040238146,0.9299681559253444,False,2.004498329966642,-0.999999999999997,12.053963641959397,0.5803150891640656,9.509531046860431e-05,0.024524550206331364,0.7300431492210051,-1.0,0.0
21,L,21,250,2709.48966184488,0.9395772859200586,False,2.0025480773213573,-0.9999999976669218,23.804699905184272,0.8823085702247692,8.497941000834495e-10,0.0022986573246935624,0.6793486200577761,-0.9984962406015038,3.713627835952669e-24
21,S,21,250,2482.4233436212294,0.9834094434956621,False,2.0004903586115144,-0.9987919878985955,21.957682057912375,0.9385661387984767,2.3784925200689156e-12,0.0026041455316956363,0.7789971687677202,-1.0,0.0
22,E,22,250,1165.8712827698776,0.9662684393663427,False,2.0025169208102374,-0.9999999999999999,11.007721687153579,0.7558216081953778,3.1217361779819616e-07,0.005747390825010325,0.7588678429717957,-0.9948051948051948,2.546008354897638e-20
22,G,22,250,1316.4343616798385,0.9827984296047834,False,2.0031192311441375,-0.999999994966392,17.07063547765771,0.8979815623309451,7.250091336624302e-11,0.005125726790525644,0.7819611640817467,-1.0,0.0
22,K,22,250,132.30330398393914,0.8272975179082139,False,2.0315855428392386,-0.9999999999999963,12.338317259280053,0.40562211923822283,0.0019047141687825748,0.047123708241497926,0.5902598375230155,-1.0,0.0
22,L,22,250,2190.3614210583733,0.940180450342711,False,2.0032751503555026,-0.9999997296506602,21.366531962746265,0.8725412240052003,6.088297439502287e-10,0.002934801751963875,0.6768984414408947,-0.9987012987012988,4.929526197593013e-26
22,S,22,250,2018.3731426474894,0.9924140770536027,False,2.0019688484321563,-0.9999992722821152,19.404965007312544,0.9560800914616857,2.3493217670311432e-14,0.0033734314338809447,0.802129701324476,-1.0,0.0
23,E,23,250,1186.0887352698628,0.8343771594786875,False,2.001894075647056,-0.9999999025070058,2.1629163222467622,0.2868247213551485,0.010206718236402455,0.00567263070384106,0.6100090041337585,-0.9762845849802373,9.209975146021341e-15
23,G,23,250,877.061027412756,0.88529098001971,False,2.0059236947638293,-0.999999917913321,18.639455449305814,0.6382636291026205,8.25697053816884e-06,0.007653418468232002,0.6453370915826719,-1.0,0.0
23,K,23,250,179.08566236351777,0.9057034028436705,False,2.0273254526837285,-0.9999999999999928,12.198524189869707,0.5386393071160555,0.0001011888438757737,0.03691621145011844,0.6641710139419441,-1.0,0.0
23,L,23,250,2265.9523201272455,0.9403647459093805,False,2.003270736827495,-0.9999999996702045,22.24505373011873,0.8728691316357032,2.0663350464133934e-10,0.00294627141381205,0.6744143844197605,-0.9988706945228685,6.05907136088493e-28
23,S,23,250,2525.168518185958,0.99824898613178,False,1.266658264850143,-0.26607982587489615,30.32942983624355,0.9836847517705003,2.372360388711204e-19,0.0018102443841215721,0.838855897002561,-1.0,0.0
24,E,24,250,1112.351762689539,0.9521417670980752,False,2.004076801009647,-0.9999990892624274,18.864639770539043,0.7897056242460933,1.484968938746931e-08,0.006424966568114728,0.7278591711196603,-1.0,0.0
24,G,24,250,1239.0311099345736,0.9631290860836086,False,2.0042565061188284,-0.9999975255934569,18.465647037896648,0.8410826546125826,7.621455248954102e-10,0.005762331028974359,0.7340201718009283,-1.0,0.0
24,K,24,250,188.1181831316959,0.8972616328540024,False,2.017757822727287,-0.9999999999999987,13.676845709670792,0.4954210416112903,0.0001783774089505523,0.03693065594375159,0.6735234672338564,-1.0,0.0
24,L,24,250,1565.0776607464315,0.9382968082381182,False,2.005078828493362,-0.9999999868913628,19.33859408665955,0.8459765347485533,5.473525169110483e-10,0.004414353775772317,0.6688416576024826,-0.9990118577075099,6.921818204844189e-30
24,S,24,250,2296.5853995176253,0.9959132962654802,False,2.001544993918886,-0.9999998562392061,21.34930060040289,0.9654753909366943,7.815752642482256e-17,0.0032245076042238994,0.8143543667051579,-1.0,0.0
25,E,25,250,781.0808865846774,0.8337737021649009,False,2.00693458831658,-0.9999999948374314,20.96718440643224,0.5341421815741026,4.990099151249033e-05,0.009156410718525285,0.5950519725072698,-0.9999999999999999,1.0880221377787092e-173
25,G,25,250,1028.8503900675714,0.9867994470777351,False,2.004843150939543,-0.9999999999571965,15.86697178262365,0.9011232804501137,1.5576588533676368e-12,0.007299796523070415,0.7753426705526298,-0.9999999999999999,1.0880221377787092e-173
25,K,25,250,185.89533023579338,0.972282205233759,False,2.0139462978671747,-0.9999999999999999,8.647904993740257,0.7727296395876446,1.579687039726521e-08,0.03954163740642672,0.7630214067171368,-0.9999999999999999,1.0880221377787092e-173
25,L,25,250,1300.150386213117,0.938289938477721,False,2.006398548370294,-0.9999999443718389,18.243834373858533,0.8328938909004567,5.186232966073311e-10,0.005498193418308102,0.6661640467727303,-0.9991304347826085,7.374248237784458e-32
25,S,25,250,2223.93231160025,0.9928044218473016,False,2.0018858898787486,-0.9999994424748022,21.944680347677565,0.9527617104119028,4.494132719576079e-16,0.003422457884507677,0.7968803057210398,-0.9999999999999999,1.0880221377787092e-173
26,E,26,250,626.5823638660676,0.7142569366242091,False,2.01276821738238,-0.9999999999999999,22.56472710967783,0.39988980079337805,0.0006948036310926579,0.011212415249922366,0.45928703753095157,-1.0,0.0
26,G,26,250,1428.2725034048296,0.9959510067892078,False,2.002818377475953,-0.9999999999999999,17.25167445553641,0.957960937069982,2.4942135157585738e-17,0.0055667959599831835,0.815251233671283,-1.0,0.0
26,K,26,250,160.2029448313519,0.9961298961114796,False,2.0093627119733166,-0.9999999999999998,9.885045870031744,0.8049821312001184,1.2450888931604198e-09,0.048416514369091876,0.8223577679278876,-1.0,0.0
26,L,26,250,1371.4215324892002,0.9395491952398836,False,2.006256170889032,-0.9999999999999999,18.972343770873195,0.836812952176291,1.5761547694568914e-10,0.005394551145752433,0.6656301701510376,-0.9992307692307693,7.349192018511945e-34
26,S,26,250,1887.6032013771116,0.994368439999819,False,2.0022844715769725,-0.9999998524156201,20.046591162814163,0.9586323439645187,2.0719763283314874e-17,0.004187111322315747,0.8027462329126893,-1.0,0.0
27,E,27,250,1454.5416514617395,0.9914587080286245,False,2.0034443787100993,-0.9999993098474642,18.556925114190417,0.9315601473296234,1.7587165000579244e-15,0.005565054623198724,0.785495313216706,-0.9999999999999999,2.3152321882724258e-189
27,G,27,250,1019.5813790624669,0.9871431515585922,False,2.0054052955058905,-0.9999999999964412,16.288199099717872,0.9017584295640071,1.3661791601649138e-13,0.00786678375498092,0.7704553492908377,-0.9999999999999999,2.3152321882724258e-189
27,K,27,250,165.2442176666971,0.8918296825256549,False,2.0313986580972796,-0.9999999999999999,15.638255552245365,0.4648925545734658,0.00012512814151340206,0.045680446089283254,0.6480959355133622,-0.9999999999999999,2.3152321882724258e-189
27,L,27,250,1409.040532060517,0.9401947477332449,False,2.006338394782109,-0.9999999999999999,19.697385788289296,0.8385951499357052,5.4622611120519404e-11,0.005425222669029971,0.6642548754626093,-0.9993162393162391,6.870897395439228e-36
27,S,27,250,1693.2303033947678,0.9937755182600124,False,2.002685417621596,-0.9999980510356188,19.789552779413572,0.9446397287659254,1.3711448582647395e-16,0.004809587560172767,0.7960458230720657,-0.9999999999999999,2.3152321882724258e-189
28,E,28,250,1183.0678709544547,0.9976175204295606,False,2.0028086950430612,-0.9999990586313949,16.47749729929654,0.9511106341849228,6.666065397056439e-18,0.007197256451080344,0.8208061523047493,-0.9999999999999999,3.3816689247597263e-197
28,G,28,250,229.1532608687,0.6385282183147079,False,2.038834814376934,-0.9999999999999999,21.06470938240888,0.2881153356977391,0.0038939952209177467,0.031517128725509456,0.38903051644640785,-0.9999999999999999,3.3816689247597263e-197
28,K,28,250,37.81032767420505,0.9935913382783935,False,0.3815134553406593,0.6309448789150076,11.538897943783983,0.9089543105209924,1.616225460292562e-14,0.03223082567733484,0.8712003755602271,-0.9999999999999999,3.3816689247597263e-197
28,L,28,250,1303.2740234593168,0.9396275196296021,False,2.007145064966751,-0.9999999999962599,19.72452515358464,0.8303679554804667,4.023564972410425e-11,0.006047727910833264,0.661306085537607,-0.9993894993894993,6.041818838609142e-38
28,S,28,250,1383.257057267918,0.9904720801114838,False,2.003856162842116,-0.9998432504766434,17.838936035073658,0.9364608787535352,1.7775153255794652e-16,0.006027791032520798,0.7803194019928962,-0.9999999999999999,3.3816689247597263e-197
29,E,29,250,1198.0549826590056,0.9927333846114336,False,2.003933428410189,-0.9999996798228302,18.827694668713548,0.9167110954425585,1.497601831603491e-15,0.007225542020832868,0.7921035305738562,-0.9999999999999998,4.0494065550148204e-201
29,G,29,250,1035.8172247784144,0.9931413968191539,False,2.005151259206079,-0.9999999963334157,15.983586534864227,0.9332783150055937,8.310775653968601e-17,0.008343612836509329,0.7912751698224588,-0.9999999999999998,4.0494065550148204e-201
29,K,29,250,194.1387009234453,0.99144406705755,False,2.018109543900317,-0.9999999999999997,12.583940026359684,0.7721842495126522,7.772073903638093e-10,0.043437277128152964,0.7909497172627877,-0.9999999999999998,4.0494065550148204e-201
29,L,29,250,1117.771602879167,0.9392885601927947,False,2.0086580576123723,-0.9999999999999999,19.00040821679861,0.8175798292703944,4.2127065438726263e-11,0.007260833800241892,0.658798550451211,-0.9994526546250683,5.008905023350644e-40
29,S,29,250,1619.862714307947,0.990437422182916,False,2.003263768670288,-0.9999970967258703,20.801810166438237,0.9274879052323041,2.45898179811972e-16,0.005312822022169498,0.7788557680175797,-0.9999999999999998,4.0494065550148204e-201
30,E,30,250,197.322670012217,0.9936860755253828,False,0.5913955501998733,0.4147388177396217,14.961364862041137,0.9440199119227075,1.960273502296681e-18,0.012865494249927572,0.8284733864987098,-0.9999999999999998,8.376948343984638e-209
30,G,30,250,856.5308833676027,0.9768355402130428,False,2.0076154518612124,-0.9999999999999994,17.35614425536324,0.8511994584029661,1.1086657911705947e-12,0.010143712421387037,0.7412923096813342,-0.9999999999999998,8.376948343984638e-209
30,K,30,250,156.11750300036067,0.9745621265424992,False,2.013985441507147,-0.9999999999995207,13.777550675405031,0.6634911545420441,7.55897731222366e-08,0.05513985473836354,0.7740901871657165,-0.9999999999999998,8.376948343984638e-209
30,L,30,250,1521.9360738579467,0.9400410817498275,False,2.0064767984394845,-0.9999999999999999,21.617319044456103,0.8367855633292002,3.893090755092399e-12,0.005501138039400169,0.6580444338427538,-0.9995073891625613,3.923749270358064e-42
30,S,30,250,1409.0909862624487,0.9891940585540155,False,2.0041348268054726,-0.999999317850872,20.476965166942126,0.9178740070246306,3.5075538408854133e-16,0.006275332881610578,0.7731984444471729,-0.9999999999999998,8.376948343984638e-209
31,E,31,250,1173.7977532011414,0.994190198920847,False,2.0040989469869617,-0.9999993990285703,19.18701545089282,0.9250081031632799,2.7570575533830573e-17,0.007827968002785636,0.7923435392302319,-1.0,0.0
31,G,31,250,1047.1816618488785,0.9958001838373481,False,2.0047397652866725,-0.9999997978172663,17.158694942123255,0.9353163357704484,3.4604590256358014e-18,0.008805545774230757,0.800499136283088,-1.0,0.0
31,K,31,250,240.57529528031156,0.9981285093020091,False,2.009688019254734,-0.9999999998534616,12.427333792065147,0.8713424313135046,5.4246394827486844e-14,0.03814173485492697,0.830167324009376,-1.0,0.0
31,L,31,250,1039.552887896423,0.9399976070042293,False,2.009885017791467,-0.9999999995492667,19.676923745671512,0.8114034749568232,1.185853339197946e-11,0.008268793371696254,0.6560405916306036,-0.9995550611790878,2.9102880018528105e-44
31,S,31,250,1290.9572397190032,0.9909478026307185,False,2.0045609476807544,-0.9999996663793752,18.371996009646523,0.9288730928121994,1.3118342141341412e-17,0.007062132243796369,0.7766611380498596,-1.0,0.0
32,E,32,250,934.6983495591966,0.9554227536192519,False,2.006437736664164,-0.9999999999999999,22.599528833849405,0.762150947917094,1.506863346018287e-10,0.009786762272816208,0.7141171155563435,-1.0,0.0
32,G,32,250,842.5698669377706,0.9820441476531677,False,2.0065514587233437,-0.9999999999999881,18.699064160652238,0.8528897948524095,1.3489196033019294e-13,0.010993629120608719,0.7540900575243105,-1.0,0.0
32,K,32,250,163.35531871961803,0.9536968086725738,False,2.0245572171690407,-0.9999999999999999,17.67050471496226,0.547130948977613,1.988867193399941e-06,0.05489815038086982,0.732099964557053,-1.0,0.0
32,L,32,250,1320.7514655650298,0.9413558801290094,False,2.0080173065500415,-0.9999999979785681,21.45632657029919,0.828066288128102,1.311702906878453e-12,0.006703714856766393,0.6563172802002937,-0.9995967741935484,2.0477529566940673e-46
32,S,32,250,1299.3804921959036,0.9916861452486679,False,2.004513164424279,-0.9999994579345529,19.08671352247686,0.9243259392738041,8.46598268549192e-18,0.00722047897700691,0.7769439590905108,-1.0,0.0
33,E,33,250,737.9193647009852,0.996135406173799,False,2.005981808996011,-0.9999999999999999,17.05395381277322,0.9065053596548927,5.5142583901574845e-17,0.013177470305468843,0.7997647324162134,-1.0,0.0
33,G,33,250,831.8734437796016,0.9899858730523964,False,2.0077475633953448,-0.9999999999999999,17.83654437081726,0.8962714620759306,2.633039312035007e-16,0.011515258697018135,0.7694830649583737,-1.0,0.0
33,K,33,250,198.7906277456931,0.9887407581130553,False,2.0186341802902996,-0.999999999996018,15.894783570606098,0.7228305611706219,7.351173436117207e-10,0.047518971025110365,0.789353356507024,-1.0,0.0
33,L,33,250,981.2460988588687,0.9400087875982897,False,2.0111690545382936,-0.9999999968938634,20.046221899546595,0.8039752464511096,3.877493522813436e-12,0.00924282294149397,0.6525586653517301,-0.9996334310850439,1.3693062809900623e-48
33,S,33,250,1396.404302695461,0.9932966132684056,False,2.004149662700703,-0.999999202496088,20.122456898493038,0.93282609575499,3.8185391614778254e-19,0.006930627050667659,0.7824653116430016,-1.0,0.0
34,E,34,250,1072.4305895824791,0.9910443361966882,False,2.0061245631894193,-0.9999999999999999,18.927610398768653,0.9158942959048737,3.2020527714624956e-18,0.009197791128807493,0.7706985090348372,-1.0,0.0
34,G,34,250,650.4291839260567,0.994906356934872,False,2.008544940414587,-0.9999999999999999,15.964294423598016,0.9074699401513239,1.412189620258832e-17,0.015253248802666876,0.7900716198423848,-1.0,0.0
34,K,34,250,297.25942540414735,0.9919369759029921,False,2.0091385653629246,-0.9999999999999999,16.829574076832685,0.784041576099906,7.669521828566241e-12,0.03342095415478802,0.8119715026054564,-1.0,0.0
34,L,34,250,1113.9885874348342,0.940953810535548,False,2.0100963558320446,-0.9999999999999987,21.14557737289371,0.8139203783177459,7.496119221270467e-13,0.008366326875506452,0.6523015535321323,-0.9996657754010695,8.7162384062173e-51
34,S,34,250,1169.9769699898493,0.9935993589623908,False,2.005157188118034,-0.9999999999999999,18.969509957894854,0.9336432159275628,8.053022022416065e-20,0.00849995894763992,0.7845872530446205,-1.0,0.0
35,E,35,250,349.7041285528271,0.5701949600119874,False,2.033205174950308,-0.9999999999999826,32.654952797603485,0.23861951198289275,0.003376859740081297,0.024914745087964877,0.3343432150454344,-1.0,0.0
35,G,35,250,759.914741360045,0.9925556755660778,False,2.0081523077255112,-0.9999999999999999,17.299363382524785,0.8886726814444573,8.234611920070077e-17,0.01331936144782053,0.7755667191914455,-1.0,0.0
35,K,35,250,109.02341120730712,0.9966341119647507,False,0.8198611107603931,0.19334429778560788,13.30208651065474,0.9150755689026265,1.0680426005064007e-18,0.03492495514799349,0.8332752640975869,-1.0,0.0
35,L,35,250,1003.7576300558198,0.942023692734489,False,2.0115419634879284,-0.9999999983580586,20.75699115691366,0.8088904732735752,4.892996273737039e-13,0.009520546420241121,0.6522502313849314,-0.999694423223835,5.28982497353886e-53
35,S,35,250,1191.3233605047246,0.9930260792233859,False,2.0050246962157385,-0.9999993720572725,18.950436368087004,0.9296373801750879,5.2278860068741965e-20,0.008555247634429724,0.7809831427944454,-1.0,0.0
36,E,36,250,529.4939682860512,0.77318981869664,False,2.017917370159905,-0.9999999999999998,31.347394304662416,0.3843794332264571,7.121897934380139e-05,0.01796163870950656,0.5092302867751975,-1.0,0.0
36,G,36,250,765.9809621886137,0.9920820189692082,False,2.0082055101819285,-0.9999998802191272,18.996310578014487,0.8881346195059131,2.931455077008264e-17,0.01354370500163786,0.7736740828891117,-1.0,0.0
36,K,36,250,165.9301785584863,0.9201456811388187,False,2.028983566687616,-0.9999999999999999,17.21921343565011,0.5497155396966079,3.484988476138745e-07,0.058280965873458185,0.6661632871773311,-1.0,0.0
36,L,36,250,822.7818752357335,0.9402556926183294,False,2.0145333233196534,-0.999999999284347,20.379081846632268,0.7896849304337361,1.0346184979707289e-12,0.011869534050542935,0.6480418940181036,-0.9997198879551822,3.065306240974031e-55
36,S,36,250,853.1577543092841,0.9885076050884409,False,2.0084847179007443,-0.9999999999999999,18.57474643006527,0.8983376907557477,6.017546134045041e-18,0.012074511647152262,0.7585014120003772,-1.0,0.0
37,E,37,250,882.5120675592271,0.8891548834935626,False,2.0094288296902203,-0.9999999999999999,29.73739067944922,0.6004927561696519,2.897136996640219e-08,0.011462645777121243,0.6244113889610503,-1.0,0.0
37,G,37,250,688.1717205687851,0.9899195069395579,False,2.0104716297204304,-0.9999999999998263,18.10123216262542,0.8740227612447105,7.336501554445155e-17,0.01533075419160271,0.7614984797246576,-1.0,0.0
37,K,37,250,82.03656266025618,0.9941793947543677,False,0.8517625030194137,0.16957133886878276,12.644707124421249,0.91511603248237,8.733608340241759e-20,0.04809031877993308,0.8278443665335383,-1.0,0.0
37,L,37,250,751.0136890363839,0.9409704868742677,False,2.0162477167800628,-0.9999999999997412,20.16758002198531,0.7844412984536345,7.129914756288721e-13,0.01330961057156625,0.6475668023675214,-0.9997425997425998,1.698343714876701e-57
37,S,37,250,1242.3959274590563,0.9949877333408186,False,2.0048151470235784,-0.9999996787489068,20.125150115858883,0.932951121320368,1.5698968891718446e-21,0.008655511569925977,0.7868714561912609,-1.0,0.0
38,E,38,250,865.2406424868451,0.9321699882396501,False,2.0098552917747097,-0.9999999988321311,28.695919667180636,0.6689248668727352,6.414953336276606e-10,0.012153115992873794,0.6745074126663959,-0.9999999999999999,1.547064082022545e-275
38,G,38,250,720.895270955126,0.9900982104844622,False,2.0086361526874703,-0.999999998801514,19.781053157789817,0.8682813097478895,5.61745896267115e-17,0.015028987371019636,0.7644092479126251,-0.9999999999999999,1.547064082022545e-275
38,K,38,250,182.3622239004943,0.9882415458266011,False,2.0277070196786084,-0.9999999999999873,18.25121635554143,0.7147757286939546,4.5804934440251356e-11,0.057772731377480645,0.7732905589584864,-0.9999999999999999,1.547064082022545e-275
38,L,38,250,745.1771120534223,0.9406121548464887,False,2.01687196438076,-0.9999999999999999,21.100002953069787,0.7820020247425885,3.980176835786262e-13,0.01372506359447987,0.6457533940655857,-0.9997629208155523,9.008669340996354e-60
38,S,38,250,1142.5452237775598,0.9938892955183979,False,2.0044136455503407,-0.9999994068659044,18.86495235955737,0.9540837917850377,5.25839510986005e-25,0.009762461489463917,0.8067685590011184,-0.9999999999999999,1.547064082022545e-275
39,E,39,250,655.1885795779942,0.9110773492174411,False,2.013450156870998,-0.9999999999999999,29.384878541016956,0.5873520262689786,2.0372896039983413e-08,0.01624305390858284,0.647788132989034,-1.0,0.0
39,G,39,250,807.8184074606191,0.9763835277396458,False,2.0078371199770033,-0.9999999999973883,25.02760012853855,0.7892521220257781,9.928881392020099e-14,0.013683677145326494,0.7462959837990819,-1.0,0.0
39,K,39,250,197.2709025894708,0.9668447805354274,False,2.0369286631649866,-0.9999999999999999,19.00455951091307,0.6721333965410785,3.049152582842375e-10,0.053354217997416166,0.713594610568165,-1.0,0.0
39,L,39,250,925.7187814716908,0.9429350409996631,False,2.0138810223842687,-0.9999999981023242,21.9158320665103,0.801032312224014,3.501368393623796e-14,0.011341687255802074,0.6479432609075673,-0.9997811576758946,4.580485793297161e-62
39,S,39,250,204.84543191818165,0.9953182014175722,False,0.39678199932593305,0.6078040488848003,19.149059623727787,0.960995944464577,5.8738868222922786e-27,0.010316879158077986,0.8224618807982624,-1.0,0.0
40,E,40,250,291.1104347632581,0.5588918048613503,False,2.0453722727947596,-0.9999999999999999,38.159824792792186,0.21730380223545628,0.002780434396342175,0.03339655060208155,0.32327229410438707,-1.0,0.0
40,G,40,250,337.99756406731734,0.7306846840315324,False,2.0304843941131763,-0.9999999999999998,34.72746115548863,0.3085030714386612,0.00024219571833252067,0.030406086963217057,0.47156359997890973,-1.0,0.0
40,K,40,250,210.00383160024728,0.9939298499165456,False,2.0223434049267857,-0.9999999981903328,17.654988588448585,0.8028290409762088,1.301645464714022e-14,0.05327873258956528,0.7940117068937445,-1.0,0.0
40,L,40,250,665.3556090868061,0.9417900663573945,False,2.0198187937067638,-0.9999999999999999,20.90339558997214,0.7756803810421696,1.438606753310404e-13,0.016059563092994143,0.6446538450427387,-0.9997975708502025,2.2350213064577474e-64
40,S,40,250,369.593348722801,0.5869636914601357,False,2.032660541764789,-0.9999999999785124,39.596522939335586,0.22954509210100982,0.002030255368627998,0.026834325043078307,0.35039340768819593,-1.0,0.0
41,E,41,250,952.1102252993207,0.9820424215268564,False,2.009011275070423,-0.9999999999999999,22.285784325338007,0.8614981335756515,6.7218967877833606e-18,0.01203770539783692,0.7342126922164856,-1.0,0.0
41,G,41,250,766.467421938613,0.9963424950529101,False,2.007474192836604,-0.9999971975210373,18.686828686566606,0.9011179013650856,1.0910700017874726e-20,0.015336366129288435,0.7877661863797774,-1.0,0.0
41,K,41,250,182.077792899887,0.9913810248989754,False,2.024663119364,-0.9999999999999998,19.146948110167394,0.7415786517893064,1.0107493706281384e-12,0.06195487405155909,0.7804618065053224,-1.0,0.0
41,L,41,250,736.5784532665497,0.9409156125266461,False,2.01840334225434,-0.9999999999999996,22.130660230231538,0.778986200547351,5.062492949735844e-14,0.014834401990089086,0.6422746321732478,-0.9998123827392121,1.0477258152676955e-66
41,S,41,250,1058.4300906173619,0.996297478102147,False,2.005511263356345,-0.999999986677805,21.091170354444458,0.9129769074241165,9.571678269732733e-22,0.011140879939054936,0.7874063954316219,-1.0,0.0
42,E,42,250,927.4638409851176,0.9798569099122887,False,2.009912734119407,-0.9999999999999999,22.28037308022309,0.8573721394078901,4.388125836884439e-18,0.012567093635755464,0.725352056811492,-1.0,0.0
42,G,42,250,1004.6201348464917,0.9990294443578788,False,2.004178965190035,-0.9999999999999999,20.913798188646133,0.9271634900168095,8.610444232118758e-24,0.01215668457597744,0.8114610259827444,-1.0,0.0
42,K,42,250,197.84880507585993,0.9947034429996561,False,2.022957059185821,-0.9999999999999999,18.918187482160466,0.7816392344977905,1.8540133366729047e-14,0.05880166627080017,0.7931583029397975,-1.0,0.0
42,L,42,250,630.4425040565072,0.9398713060787914,False,2.022091174307329,-0.9999999982065505,21.91252180366465,0.765867116273653,7.292583864408595e-14,0.01764867169719237,0.6392731900574193,-0.9998257839721255,4.723472442969785e-69
42,S,42,250,1123.6910549600789,0.995805108941167,False,2.005037622892806,-0.9999999999999999,20.562976652761936,0.9401798956398938,1.8402078353020056e-25,0.01079515894925154,0.7963263380473558,-1.0,0.0
43,E,43,250,761.1412206929914,0.9869749473965093,False,2.010423335892713,-0.9999999999999999,21.184805158662066,0.8581261718390271,1.4715405987611665e-18,0.015789036570323392,0.7476404294935107,-1.0,0.0
43,G,43,250,812.0190976422734,0.9869577219352506,False,2.0061493225297315,-0.9999999999999999,26.631794158658494,0.8196768217000481,1.8203649801467582e-16,0.015079637086314959,0.7750473168335872,-1.0,0.0
43,K,43,250,162.33640172141335,0.9954527390189523,False,1.9752372719710787,-0.9538205379797442,12.080306766887142,0.8811744389084863,4.1925532161498787e-20,0.07099588567812795,0.8039366721052702,-1.0,0.0
43,L,43,250,609.5507342178839,0.9421691274079298,False,2.023178496850992,-0.9999999999999997,21.739928994042266,0.7685146191003794,2.7719019958518293e-14,0.01864567136727439,0.6413680023147981,-0.9998379385787213,2.0499910811943117e-71
43,S,43,250,1118.4660836455266,0.9924196659164666,False,2.004811091920218,-0.9999999999999999,25.057183242853817,0.8796872534455198,5.3809776412067653e-20,0.010981847703890477,0.7790426187042279,-1.0,0.0
44,E,44,250,799.291878748058,0.9841270400309065,False,2.0123094271406017,-0.9999999999999999,22.10762934580891,0.8644289338981613,2.1497541822122992e-19,0.015223040361914348,0.7319695291426485,-1.0,0.0
44,G,44,250,827.256445871468,0.9801718853323055,False,2.007035169425004,-0.9999999999999999,28.134423276409624,0.7933280396679379,1.2701394651120514e-15,0.014966156143123908,0.7539942710189305,-1.0,0.0
44,K,44,250,192.50575627034198,0.9966648504179256,False,1.642963084609298,-0.6249834955586756,14.053319796701876,0.8961323816870101,8.982442892923152e-22,0.0509936522501949,0.808745380420207,-1.0,0.0
44,L,44,250,582.7664380710245,0.9413451501166885,False,2.0248757940838247,-0.9999999999999999,22.085731865304478,0.7605426680005519,2.65087196191692e-14,0.019875500883052424,0.6392035920658183,-0.9998489882210813,8.57289162104658e-74
44,S,44,250,1218.233112540946,0.996486475846469,False,2.0041708365517428,-0.9999999653887834,22.263262652428736,0.9492689750914898,3.645666855801255e-28,0.010449993856903953,0.804904683884613,-1.0,0.0
45,E,45,250,1062.2554702980553,0.9832049949684436,False,2.0092877079153575,-0.9999999901933071,23.952934082578224,0.8701418931171273,3.1573634980965763e-20,0.01172044367905215,0.7300601455920671,-1.0,0.0
45,G,45,250,89.22616349224803,0.9995116012681898,False,0.13941387301716407,0.8618881282735853,25.681089171175223,0.9696391302395743,1.6699957163733834e-33,0.008375168539081325,0.865583697236886,-1.0,0.0
45,K,45,250,193.87402104189758,0.9729424173842613,False,2.027404242005951,-0.9999999999999998,25.695107456277526,0.5992922722101761,7.110767994486245e-10,0.06268533665962693,0.7505378506944219,-1.0,0.0
45,L,45,250,540.0510962500306,0.9420239130325897,False,2.0273877475178645,-0.9999999999999998,22.19065400001651,0.760943953044168,1.237367389646846e-14,0.02184267185767281,0.6386261229715,-0.9998590556730093,3.4576081916825524e-76
45,S,45,250,116.65721574018029,0.9947080484931768,False,0.21213516085220752,0.7922193427023085,20.802289922466297,0.9651988430111081,2.9412660979532684e-32,0.010125989385964965,0.8314301208078025,-1.0,0.0
46,E,46,250,555.6430398561916,0.8857308508638941,False,2.0217986094381573,-0.9999999999999999,32.91778414151628,0.5590771488015388,3.592724209178674e-09,0.021601478023822764,0.5958459048864405,-0.9999999999999999,0.0
46,G,46,250,1324.1282763970694,0.9942322123420746,False,2.001777567907992,-0.9999999999999999,28.475329281038967,0.8952660614473743,1.0900909834748875e-22,0.010062615073758848,0.8091765427085142,-0.9999999999999999,0.0
46,K,46,250,180.12344545204962,0.9927989640804735,False,2.0242129425252227,-0.9999999999999999,20.26902536096484,0.7582043722759476,7.654236872505317e-15,0.06879560796389854,0.7730564202133885,-0.9999999999999999,0.0
46,L,46,250,562.7286451560705,0.9417669908965601,False,2.026878618098199,-0.9999999999999999,22.690700195361988,0.7614994940607506,5.687115813900351e-15,0.02137980690557105,0.6372148799450067,-0.9998682476943345,1.346069147222264e-78
46,S,46,250,1005.9479167107706,0.9963447025353361,False,2.0061756578962417,-0.9999999650017791,21.8755769609161,0.9279788501605502,3.4163091603017655e-26,0.01303110456687161,0.7893049327833411,-0.9999999999999999,0.0
47,E,47,250,831.4587563478923,0.978057399702555,False,2.0130701919613063,-0.9999999999999999,23.704024521764264,0.8457888076617225,1.78221299581714e-19,0.01540289758768022,0.7134391513660889,-1.0,0.0
47,G,47,250,849.4298123027489,0.9120270728641856,False,2.00741877375022,-0.9999999999999999,38.97916961554076,0.5785854776506012,8.580978860111634e-10,0.015158881981145794,0.6713521640470582,-1.0,0.0
47,K,47,250,170.11634700063078,0.9973887237905412,False,2.02735377814966,-0.9999999999999999,14.449377824494665,0.8460465236193188,1.7175765315498919e-19,0.074349374449886,0.7869164280408125,-1.0,0.0
47,L,47,250,573.1308694162625,0.9433274735008621,False,2.02671132879909,-0.9999999999999999,23.352111376403634,0.7626995733709278,2.4560961947872045e-15,0.021423400212964003,0.6389389518509834,-0.9998766574159728,5.062385131976815e-81
47,S,47,250,943.9100905779022,0.9985123633073837,False,2.0053599650837617,-0.9999998186803796,22.04872091853076,0.9258683075189194,1.7131881289632077e-26,0.014254968920229592,0.8024742481401343,-1.0,0.0
48,E,48,250,666.4244397487143,0.9773409761635001,False,2.0170926783497514,-0.9999999999999999,22.149301966377745,0.8398202030684333,1.6321366089599592e-19,0.019478903769082935,0.7094521275840964,-1.0,0.0
48,G,48,250,1120.6595123225131,0.9602744285667634,False,2.0023010296253108,-0.9999999999999999,34.40830907897456,0.7557419488696728,2.2771694328222725e-15,0.012116090868602675,0.7521343452271855,-1.0,0.0
48,K,48,250,192.4127650852281,0.9799689956462758,False,2.0262309991728715,-0.9999999999999999,26.546703472960544,0.6335791564813668,2.2718462601844617e-11,0.06675109379796301,0.7563004255688038,-1.0,0.0
48,L,48,250,510.5014730385882,0.9427245259848054,False,2.0306307622280113,-0.9999999999999999,23.120617958467466,0.7556886555598569,2.2884509472768338e-15,0.02442344648876807,0.6365499011899066,-0.9998843663274747,1.8406721482001562e-83
48,S,48,250,436.64923988488664,0.9980598319819962,False,0.7438842958171317,0.25981654007098975,23.822573601344676,0.9499419446691975,6.633633963507142e-31,0.011395140473616049,0.8162348355575572,-1.0,0.0
49,E,49,250,611.478794888829,0.9729876038104309,False,2.0192588869043515,-0.9999999999999999,22.958503729682302,0.8108032376649419,3.0246216153690392e-18,0.021516557417745084,0.700647253753447,-1.0,0.0
49,G,49,250,973.2540891869132,0.9933148602587223,False,2.0042162009878277,-0.999999999947013,24.758232097748426,0.8734481553756955,2.8083800710562688e-22,0.01425838241481215,0.7854549796385499,-1.0,0.0
49,K,49,250,69.59132118319265,0.9971805447518631,False,1.0529888490884474,-0.025184562198427914,14.530303690263167,0.9104062461678356,9.774289292433361e-26,0.08365440896114304,0.8278267556693323,-1.0,0.0
49,L,49,250,564.6942228381669,0.9416607792643225,False,2.028411159952637,-0.9999999999957974,24.000084816659278,0.7586518585879473,8.436388386941659e-16,0.02251267002531007,0.6341636621700995,-0.9998914459400782,6.475205688664054e-86
49,S,49,250,415.6080637252381,0.9988772442645092,False,0.8801235501714616,0.12449203529998668,22.978170393955892,0.9357764787756389,4.559956657567403e-29,0.014418632725781472,0.8173398133173293,-1.0,0.0
50,E,50,250,613.997186974871,0.9699721768003208,False,2.0199195764847944,-0.9999999999999999,25.936431293757288,0.7964024073543717,7.360946109177668e-18,0.021760576113064912,0.6941011923486606,-0.9999999999999999,0.0
50,G,50,250,1118.305604966088,0.9945738411858318,False,2.00142790199528,-0.9999999999999998,27.096713299119045,0.8814689315996963,2.1127605104283875e-23,0.012806372561029343,0.8046728165639199,-0.9999999999999999,0.0
50,K,50,250,142.95615292666818,0.996010170943497,False,2.038942232791119,-0.9999999999999954,14.944214302543314,0.8686133575745761,2.392162062655923e-22,0.0916690745593058,0.779302677062875,-0.9999999999999999,0.0
50,L,50,250,432.51347747449984,0.9424984874063964,False,2.037663835802088,-0.9999999999999961,23.55089387002889,0.7455654021133871,1.430218057312952e-15,0.029732126856978708,0.6335745436715721,-0.9998979591836733,2.205439428138475e-88
50,S,50,250,67.22174617108692,0.9986663151400673,False,0.1399978055203274,0.863583521504706,23.707872890610094,0.9750290202016032,2.5620167139371197e-39,0.011065551619543819,0.866843857213414,-0.9999999999999999,0.0
