,n,log_n,sqrt_n,hydrophobicity,hydrophobicity_x_n,hydrophobicity_x_log_n,charge,charge_x_n,charge_x_log_n,mw,mw_x_n,mw_x_log_n,volume,volume_x_n,volume_x_log_n,flexibility,flexibility_x_n,flexibility_x_log_n,abs_charge,cat_PolyX_original,is_homopolymer,is_linker,is_heteropolymer,is_dms,complexity,cat_L1_hydrophobic,cat_linker,cat_HET_BLOCK,cat_HET_ALT,cat_HET_COMP,cat_HET_KAPPA,cat_HET_IDP,cat_DMS_protein,complexity_x_n,hydrophobicity_x_charge,hydrophobicity_abs
PR,-3.241772390702993,1.168032788260757,1.3617285257408767,0.23663114887772035,-0.01530993722137735,-0.3139399207245035,0.03561026325676912,0.169958723951599,-0.03396530650205882,0.2940202192767062,0.47271481254396847,-1.073735284715184,-0.07425759272062403,1.111813322012555,-0.2680403414599297,0.3396896008179246,1.6119716878347186,-1.4293817979766108,0.22849649534410826,0.021345262521634458,0.05573918043868616,-0.04734158815951086,-0.08262799976502308,0.2745789143692877,0.00773020672491078,0.04142346654194537,-0.04734158816043154,-0.022976662618745616,-0.016588067085350364,-0.08628605390801948,-0.13282997884918563,0.00652988388969664,0.2745789143683711,0.38690657939450773,-0.04711529539824952,-0.06795930057106901
A_C,-1.1670842991075308,-1.667723064905023,3.6384896046410495,0.662435700516623,-0.06495334060440074,0.7237384419214655,-0.03393835867600455,-0.0539935379840847,0.33590170808088654,1.269924909878573,0.3625883320123188,2.164160363132078,-0.4619312848398842,-0.06335229599888353,-3.4588516899545225,0.5269916494199062,-0.9627969408524968,0.3153326385583739,0.17363231893944941,-0.02577232144243148,-0.3080311594084003,0.16864301684181007,0.22950844412494062,-0.0920223542181721,0.20062031308570608,-0.32768532178751114,0.16864301684211452,0.1294256898204563,0.10027512244314787,0.05699551792042529,0.1019374501388585,0.08422346314364115,-0.09202235421828603,-0.25798970571915664,0.0251178087751013,0.84797411199216
eff_rank_95,-1.0485015895271377,0.3402909820329233,0.4518338521553863,-0.12860545700563977,-0.3435922750676613,0.4410059303632326,0.13961018511651427,0.30797928730687785,-0.4911646912993082,0.1327089122142493,-0.3684672477039775,-0.01591303876521233,0.015205727506564641,1.0410719564391633,-0.6705573574302242,0.04234800315454548,0.43920831146442485,-0.316458333254514,0.06307565792578465,-2.0999208716466934e-05,0.00024345005696149898,-0.017845645814376747,-0.049469500071204535,0.3009019619447021,0.0403440692877141,0.00030330401112695315,-0.017845645814323283,-0.008918016342534635,-0.008453316153230235,-0.014370501930899053,-0.042563689655408334,-0.029909077739790218,0.3009019619406052,0.08833081128419186,-0.1426201874676483,-0.0009086440164497715
eff_rank_99,-2.411221950354775,0.7388356235187007,0.7800057588775136,0.4041209879831079,0.15981229067694125,-0.5007859533329178,-0.08432419597181126,-0.11078297619638293,0.416193522098304,0.26159541374081774,0.40391128719073394,-0.5667200248641521,-0.24425969322543628,0.722796991565993,-0.17797942539857153,0.16883574673580506,1.2946423371114122,-0.9385585811630631,0.18575859647066462,0.019417646780962455,0.026386903992013416,-0.031985052379464925,-0.08498038901063404,0.386103068800002,0.03751869078561496,0.009632420353307206,-0.03198505237987933,-0.01701109762995946,-0.013299198024421864,-0.07990390052303692,-0.11218463095031361,-0.012979195956542922,0.3861030688059011,0.3443597312832328,0.07482624204553733,-0.0015039657984090488
spectral_decay,-5.860676043018044,-1.5184651791423083,4.815732712890883,-2.123300446860235,0.9318584779932476,-0.7949595701893912,-0.3351046912734819,-0.1380343507013337,0.042397997166683965,-3.2396648881406933,2.8875468252839687,-2.8752761613361866,4.108485692843191,-1.0445258216915032,2.0845522441270785,0.35282009101242784,2.5924407549723205,-2.4700389414521378,-1.0513878631876004,0.08551159185557725,0.5642280147576043,-0.1631243355473657,-0.42256123804680124,-0.3234518496182695,-0.5600390695940716,0.5591915879809554,-0.16312433554894457,-0.12177399912487713,-0.15619091956161515,0.04876497026559068,-0.06325797394523079,-0.35827580851336255,-0.32345184961799134,0.43183326017746776,0.3878242048866915,-1.0142990249607362
entropy,-5.219836193930453,1.5762791416332396,2.900862363212505,0.6871700507835594,0.20909996330419514,-0.7667400013152715,-0.05206734713125998,0.027970215789053753,0.3955947930021336,0.890358364127591,1.1283268286157133,-1.60257080333302,-0.417012529215423,1.1901404937394164,-0.5845271381188833,0.722968204421985,2.3196635132340977,-2.2566619493912294,0.3387048140020863,0.02357470517063085,0.005504056217261413,-0.0274384966921576,-0.04894429952982582,0.3039912499354103,0.05756228742585695,-0.018908523646997858,-0.02743849669337966,-0.0004728182688753219,0.0025884382787402186,-0.1257544318705246,-0.18212931575555782,0.058484205781750453,0.30399124993168825,0.5314590659018755,0.03487916063734177,0.12830224695484066
total_variance,-3.993764670772366,0.18668101027941533,3.560134950527081,-0.10157892266187267,0.22114914755223253,-0.717574157923661,0.011989512784188335,-0.09831822481086458,0.20468342644848592,1.061464611984544,-0.5599379083603603,-1.2543957441329128,-1.1157656424638915,1.001423187300627,0.7814200702033799,0.6212687919231467,2.071521646404801,-2.030427786888758,-0.4336689827154716,-0.05275155923784357,-0.032139559184835215,-0.006407796409001881,0.0021761041890847655,0.17905107749345192,0.05236105903107256,0.019445045416640876,-0.0064077964095263775,0.011931293145319028,0.03718468637510738,-0.06776217849369368,-0.04490176050036832,0.016150214577148377,0.1790510774924187,0.24747918726264775,0.009947899193819283,0.6592317352599486
pseudo_volume,-14.51432973066215,4.186444982028613,12.358605616119055,-2.0955180636259207,-0.8530822026237975,3.3220942539351075,-0.30286349186299694,-0.3392140763907212,1.0750609676555727,0.43695074898121145,1.6874717951411948,-0.08599719613943085,3.8568632989124123,3.4562835447580547,-8.821435333252255,4.055519041937584,5.618229935091643,-9.277553204911102,0.16882420939377535,0.030060495945099137,-0.04853512490499228,0.07157022974500472,-0.00437302134010488,0.027576739437619815,-0.019982908262023334,-0.08818839220563962,0.071570229744323,0.09272422284020503,0.04521442765135889,-0.011561445322639946,-0.016452466420172215,-0.08195886197137126,0.027576739434653455,0.3047722309724952,0.29394217726478644,0.3584780065724528
mean_rmsf,-5.3233969170206805,-0.684639854387076,4.593872575333883,0.3312561180172717,0.36921473821774137,-0.695886914618753,-0.0635366722854732,-0.12903700630003057,0.26053420695059304,0.5749734130230415,1.3227766303933604,-1.6403528266082026,0.28003500780967094,0.5822337253738384,-0.8104613409050484,0.8278970498702611,2.0392083955894393,-2.4737345074041106,-0.01753439051653263,0.09037179522320146,0.15919798390388418,0.07562218142543269,-0.16518783714379456,-0.2870204504225171,-0.283617337970707,0.08680476797757262,0.07562218142415929,-0.007655213432564126,-0.003743882367460655,0.0895203981209664,0.06382204511442713,-0.2667435886819731,-0.28702045042222907,0.30694953308995365,0.06434180996951026,0.047665092671025186
max_rmsf,-5.390977654516649,-0.6850610435215405,4.68315069041216,0.3800708717679532,0.40627909472487583,-0.782012216929473,-0.06725747305600363,-0.13887440969666215,0.27984023936621494,0.567935051711548,1.3352631656389649,-1.7019205465071676,0.274775473004688,0.5604458520746911,-0.7355528611697195,0.8557415129449488,2.0851950397910293,-2.552972480537457,0.015568085154325527,0.09247740729037322,0.16526518710523663,0.07198806852784656,-0.1694018645331706,-0.28562221010673083,-0.28808788601658336,0.0915470694897656,0.07198806852637937,-0.008373475858455234,-0.00492720469332063,0.0879237572480866,0.06136025347259809,-0.26929638614964563,-0.2856222101064905,0.31627656434922685,0.0663845147256193,0.024766592737561304
rmsf_cv,-2.5198346199569617,1.493823125360564,0.985624499270982,0.6176143825480441,0.3600949081651217,-1.0077996074681144,-0.055646067889418845,-0.1798432203904174,0.30621558369438595,-0.3951695663915174,-0.36539206171661326,-1.0306755953726756,0.5887869574055383,1.5190004616080608,-0.1744449483440099,0.30750170613526356,1.5961464877932174,-1.717457803481407,0.6725271215529749,0.06990479134459836,0.17165528891122694,-0.12801430447701184,-0.1362713069885625,0.20934467109804863,-0.0788462227873753,0.12310124255645744,-0.12801430447787604,-0.02859842153845783,-0.05073238547920775,-0.0984682377655427,-0.15596718028321016,-0.021890643761348562,0.20934467109467847,0.3521530476449199,0.021578498703015835,-0.6926244093828071
local_stiffness,7.967205958842816,-1.2982100565428296,-7.983929231347287,0.37472094939454603,-0.6742378536768538,-0.00030918572087918806,-0.06816858364616481,0.12014867329941814,-0.23929313341089148,-0.06951916548126542,-2.245033112777719,0.6376752452963548,-1.6768692603400104,0.5879837449743831,2.5213030435204926,-2.9819804872691367,-3.405525042024234,6.360548887499405,-0.43526101939185,-0.05563466247018537,-0.0269600894508548,-0.03955925757311668,0.04097601639450131,0.0775802948230073,0.08821181526915667,0.028508137829788536,-0.03955925757241317,-0.04755098805380216,-0.04015281944773832,0.003786652110273168,0.03330857145620064,0.0944584057934006,0.0775802948229095,-0.34697812587037824,0.09008399270086398,-0.17048923694302776
fluct_range_ratio,-4.038721965236865,2.6823216808031582,0.9749143481271073,0.30946596780419483,0.007551934621353105,-0.41062568411498546,-0.029808004686125475,-0.14802752158541943,0.24033606988106435,-0.5704651007738893,-0.9789654645009689,-0.9626185846626867,1.1978771872968588,3.313270952322292,-1.6084222729023774,0.3349770659523512,2.4374443983197733,-2.348512556101387,0.6936939510646406,0.09893835115290714,0.233053826802016,-0.1632443131127647,-0.18011769353674872,0.22400913504759504,-0.11564840428653098,0.16281548136526322,-0.1632443131131673,-0.04133332015849391,-0.06923072894646258,-0.12925492652619916,-0.2285148559542433,-0.01708537800421893,0.22400913504912995,0.48812719735547433,-0.0052965199348854125,-0.8898419735090038
rmsf_entropy,2.78617320008802,0.6984530246304735,-2.9824600157513843,-1.1170278352951106,-0.9095487978631707,1.9621851118493965,-0.22418918152487352,-0.13327143470186373,0.574228048431673,-1.539471262431321,-1.9973630899868442,3.215952440992301,1.1802933635840647,1.0702071403316662,-1.8370254256325829,-0.7752131794108125,-0.924132520821165,1.5186252901772257,-0.04803898199405543,-0.044277662862037694,-0.0797064051668693,-0.06923814173314347,0.09229350867295338,0.205220216996288,0.1876552755817243,-0.04449933141065944,-0.0692381417323678,-0.0349486302546338,-0.022216626779835127,-0.05998658885505806,-0.046644705018095825,0.19794057934836232,0.2052202169951026,-0.2974557600106577,0.2263309430535187,-0.26974241220425405
mardia_skewness,-7.689111154378384,2.7212236121898568,3.7953471933807426,0.8783762373087965,0.6421270944928977,-1.0066226071729731,-0.16248538635673573,-0.3764899352092799,0.7853726341767976,0.6717767027104159,2.413452082226971,-2.197203752914042,0.0749522878373646,1.022633758577667,-1.2415724831537047,0.7423376910837294,3.380193201966163,-3.207961674027638,0.5227851143619524,0.07782003302632685,0.1414663622518641,-0.09109199215372245,-0.1377309449802079,0.24654580601173473,-0.03345089462348162,0.07979985921244674,-0.0910919921559905,-0.026680923142688676,-0.004632380720687194,-0.3258632915876425,-0.38140852019081944,0.12610644971765866,0.24654580601388867,1.0589645304965267,0.13585072374158552,-0.2367043200470389
mardia_kurtosis,-7.2907883747565885,3.9931330076915765,2.8433188016785533,0.7524396109620948,0.6765275309344829,-1.1099456870760331,-0.17672899527050204,-0.3537703212450873,0.7441995814343731,0.6464025041216857,2.6051831963880336,-2.456028615493457,0.42397901738977317,0.9138301614849011,-1.3918229974802585,1.0158406890207348,3.5203627505199298,-3.7036661596976104,0.32476831186041616,0.05076898097050705,0.09677436845180602,-0.09674201042883757,-0.08583407055565616,0.24654645750957876,0.019077186352623027,0.05723170353493156,-0.09674201042946151,-0.014746827856842424,0.0009871379440514407,-0.3115731300238559,-0.3560446760786409,0.16581061808486625,0.24654645750885806,0.8810869383304812,0.1600859250382492,-0.16406697339229456
mean_pc_skewness,-5.705844866414795,0.31176420167466545,5.579259942486672,0.18957643862227977,0.8628646017050989,-0.5250214231147736,-0.25665046515646056,0.024065552194854165,0.5315262988441917,0.750157438706977,3.177346961297806,-1.8148663514844368,0.6407008309977669,-1.1970636409633428,-1.2226274580473662,1.9793127289558519,1.7630762663732158,-3.4918906606578037,0.5257915671857843,0.017682410247102338,-0.011878217112000534,0.10298518715931682,-0.02948829413529152,-0.14963691292134462,-0.09697725456470487,-0.03264520840726576,0.10298518715841508,0.06905134741737846,0.03685768769380775,0.022059872739044042,0.03415386212891882,-0.12751445980313436,-0.14963691292166023,0.3353622752849128,0.22974343722339333,0.2899502003974994
mean_pc_kurtosis,-6.191285923026824,1.0393862201136304,5.545306262607566,-0.055582901042524765,0.8136002224869181,-0.28496141876934333,-0.34799344867506105,-0.1286454258475919,0.8726462301287465,0.5781543759039968,3.323508779521328,-1.7428543702070023,1.1014881144961224,-1.0348756043594967,-1.8976320283460297,2.168502378757659,2.100090354346604,-4.0935257869540935,0.4952960404980641,0.02408204047390011,0.006223731637354432,0.09312420565893242,-0.041515527869592214,-0.15150346056915726,-0.11033775673491984,-0.01862195991961777,0.09312420565808446,0.06080865500331284,0.03558401567069362,0.022789495010257205,0.021622520898270433,-0.13250103437653984,-0.1515034605692596,0.35017069969677833,0.3225111974400013,0.28595603713127626
corr_dim,3.9698481352750843,-1.1107792549692124,-1.4995543056086775,-0.3799257206810504,-0.06121490878354551,0.407005778085052,-0.08816391357899166,-0.2697130080343005,0.2737904105570978,-0.2173255944815049,-0.2558067581251076,0.3639785491263303,-0.07897402399453828,-1.7778907523519425,1.3034323037999638,-0.2533106060889395,-1.9334170265086568,1.3899605466810594,-0.13696198754017322,-0.02620148293046121,-0.04841857858217032,0.03470147695077325,0.0921238215233036,-0.3153633925891971,-0.011154520523587485,-0.027776765151372736,0.03470147695173311,0.009034901512601778,0.01705963641548727,0.10589253643086446,0.14932693123014235,-0.0006356155051767343,-0.3153633925880225,-0.48321714646975955,0.09497466285673771,-0.029302630667165278
mean_knn_dist,-5.017885213536197,1.2740492816173266,2.900058188196117,0.5041240302873553,0.17379333189823606,-0.8175467698409352,0.0018083708901622897,0.11308946785816308,0.1101941406951924,0.6825178589374399,0.1512197313632983,-1.1849623331012982,-0.39158340444620715,1.8509336014864328,-0.6542849244297791,0.5155993280591289,2.3849520673863642,-2.1026220607431494,0.11503408201116577,0.0019986832219609676,0.029360469575021645,-0.04381816815845949,-0.06190068874736541,0.2991171560020326,0.03731812789723302,0.031724357213513736,-0.0438181681597053,-0.007884920896423552,0.00501230187349786,-0.12991712804081587,-0.1669252851297915,0.04071537055887002,0.29911715600327465,0.49009585485561635,-0.007621062653080483,0.1790825577937627
cv_knn_dist,1.7463791023562938,-1.513228642048999,1.1769301783943806,-1.3278227558403415,-0.35575905002713604,0.9829100737868169,-0.09943014614767712,-0.2777078426785397,0.1471834083467571,-1.5095260581983043,-0.48286275558968617,-0.004238972512222191,1.4340466242341634,-1.510675003491044,1.428280086341944,0.07793901084879434,-0.9703861103880217,-0.12492415103934322,-0.1120874814539949,0.01625530651717137,0.17819488939383502,-0.06942764058302663,-0.09930953856192476,-0.20651476933859528,-0.17055016048310756,0.188122568795969,-0.06942764058240612,-0.05864366866160552,-0.08510632788430028,0.0754659884901812,0.08989594969099796,-0.10028343867545093,-0.2065147693407747,-0.38094121224145866,0.10496907877300532,-0.6371259267973993
condition_number,-4.808849090299151,1.1278075144881898,0.7030583242592334,-0.20142225419611995,1.527393488389107,-1.4920972307652243,-0.20498844469013902,-0.033996646998731374,0.09663320593126708,-3.1711049012962085,3.538565011314276,-1.0325465319199059,3.193702598976427,-1.0517052873198138,0.2705593425954803,-0.5097245069550176,2.6680204221489405,-1.5477688773080067,0.5713776253124346,0.10351385716316452,0.5317854502220619,-0.2686019111917876,-0.37259789854690273,-0.03377718059579065,-0.39308553111455224,0.5024838593945234,-0.26860191119307375,-0.12299451371418045,-0.14670491524553841,-0.17010204924073438,-0.28782256056858274,-0.12171090155337143,-0.03377718059599338,0.733224921915803,0.17584307814160227,-1.8234639483905442
spectral_gap,2.551760150342435,-1.2332409392355563,-1.4318262204106684,-0.17146515243618912,0.21819357604969605,-0.6491949398213468,-0.0166996480720451,-0.11516612377638615,0.0057667805230616105,-0.4987024464933755,-1.0184687890772024,0.18884462882031064,-0.6675337123465034,-1.2252791366030917,2.7640809584531203,-0.4590757753614891,-0.23982089143362773,0.6342598858243251,-0.35645593906744555,-0.031610486849567236,0.05793921518561713,-0.04852666500241626,-0.02498685311415318,-0.013210972657094575,-0.03570129702353235,0.10069609873377641,-0.04852666500215683,-0.04140465094511657,-0.014693049568514182,-0.012486557768646113,0.09884569671840174,-0.029373345624769457,-0.013210972657112083,-0.15199152973167707,0.034697241335682034,-0.05827120569113785
spectral_gap_ratio,5.738616924268542,-0.39756036460082894,-5.808194264561691,-0.36429431760969827,0.08555476554324101,-0.4591254902539698,-0.01794610792309512,-0.0076664532054979044,-0.29418447910609574,-2.002479778945266,-0.5202791016240687,-0.13603859226424242,0.5308252923430069,-1.8913301307771808,3.809246029664856,-1.2226184391506534,-1.2192574360456006,1.9461326233251697,0.014176938024633141,0.03833195057238366,0.2599103500052904,-0.14013169384729507,-0.16495991134311536,-0.06940954626087147,-0.1880149399570211,0.2587246617227658,-0.14013169384681984,-0.12113107885361568,-0.10545651771248586,0.006164525368899485,0.05680414388175814,-0.09051768923842532,-0.06940954626127327,-0.16318704435169704,0.017206516061511558,-1.1116356967419423
fisher_trace,-0.8892057632537574,-0.16387400822158946,0.8009354915285233,0.0034542218866420206,0.05351236417028926,-0.0506950244117688,-0.004513237611593797,-0.015179341661050944,0.02329335813312185,-0.016533343464576414,0.21380091086722436,-0.09081188289082172,0.04250155053209204,0.04660264071784533,-0.0910946354236757,0.020532030523166534,0.26266889654834674,-0.1803627768191314,0.0007770407387209125,-0.0005925048725754782,-0.0012438612096892401,-0.0195002218318651,-0.06382289724196696,0.38418393999861156,0.05129806572555256,-0.0007999353131505273,-0.01950022183170901,-0.011010765930773297,-0.01076981441134489,-0.03369396554718002,-0.03756992853220103,-0.03928168222530799,0.384183940001836,0.09038275035360356,0.004468187904979204,0.00032555104024727837
fisher_logdet,1.4821026771687391,-0.3279928825234884,-0.7995423535324152,0.09670728558891596,-0.2022154291050077,0.1798862966608533,0.03764319443797821,0.04760377075344773,-0.056984737776519884,0.3440689682501237,-0.5126280123510066,0.2992081879961678,-0.49126900369993387,-0.10807950602761454,0.17472863772483713,-0.04959593264327361,-0.6418845128303149,0.5295423863061345,0.003994395473403547,-0.005704502751816343,-0.0469015009237371,0.05436604790277231,0.09246683011855261,-0.39272856584639154,-0.0257914396126048,-0.04798667694520672,0.05436604790261409,0.022029162304537296,0.02469198930287934,0.06124322156008483,0.07714662051916286,0.033124583880120156,-0.3927285658442991,-0.1562042285850549,-0.03779698605677452,0.16987178325523583
mean_mi_pc3,1.0251427574380219,-0.987611122217035,-0.4682582806499103,0.07775263876006538,-0.642324049183669,1.1590322830296327,0.13346814666800424,-0.26631943462938235,0.03637280394131851,0.1632770309989473,-1.507751229536694,1.2942465324435237,-0.8964132839795884,0.3073987568887823,0.5257380292086623,-0.013340615555494954,0.16270062685772868,0.11414918405109317,0.4319145681390183,0.09966312456543566,-0.0025182018658134343,0.004695848288386918,-0.010391299147655504,0.047490590362286894,-0.027379926738084582,-0.10968033535913023,0.004695848288554182,0.08977334569768909,0.032558079818153514,0.015710735669493537,-0.08104407997386083,-0.06600855272297322,0.0474905903622558,0.20937664008865203,-0.1551309075240725,-0.28342685918856886
js_divergence,2.6578060275764335,-1.8019331444308786,-0.9699085830933706,-1.3633476422263116,0.06104255415380234,0.8357722448514321,-0.48594705263200294,-0.13036950418156654,0.9619403081074281,-2.1556057264931447,1.018947097307309,2.5007667414766166,2.701739853614809,-1.2978811254249547,-2.211268669083889,-0.486774575061464,-2.0982498148550306,2.169463276849975,-0.4932470612032641,0.008395971484996817,-0.022844867797591244,0.015168643021887977,0.011043569552407581,0.013080687581958728,-0.0022414997036917374,-0.03534545497174862,0.01516864302165862,0.08866944204261144,-0.00767845139381878,0.010919275416122894,-0.016578644745501803,-0.03355347095004146,0.01308068758145304,0.014608105464009109,0.5102595494901544,0.31213996458745485
effective_diffusion,-2.590595539442969,-2.6085425156705386,3.8726341518051957,-0.15434198991837267,0.12387936715487456,0.27724029317963444,-0.08259007126665326,0.27494975775571767,-0.1467964056380146,-2.6929025155302666,-0.23230731426075518,4.371388894022598,2.677401026744111,0.3888798128339313,-3.8195468855170067,0.1212426932616871,0.4743716566398169,-0.46003313834903736,0.3973194511521727,-0.004535936412777818,0.05997480990336855,0.00167235158734988,-0.06692969491742722,0.0071695859283915754,-0.051499344739653154,0.07403727967523564,0.0016723515872452514,-0.040296466924781296,-0.07032909919649143,0.054893696244100884,0.019346139839189255,-0.04425778582394524,0.00716958592841105,0.06831165831286219,0.06239987634969718,-0.2511605440320071
relaxation_time,-1.2653948818379677,-1.8045846593036348,3.810607579784849,0.7371643537847532,-0.06466403563854808,0.7393958421887327,-0.03685685583708645,-0.058728618165847034,0.3643842921944297,1.3059991234798893,0.40551298589636575,2.2267386485855933,-0.5168359075539954,-0.06701784424008313,-3.533478955432309,0.5015207233751473,-0.984992397231788,0.3691358937563106,0.23544904959452323,-0.019091991774936833,-0.31133544397522156,0.17050703114003304,0.22906710055373733,-0.0790752843960895,0.2039845984648094,-0.3386537125829139,0.17050703114045646,0.1325690048138272,0.09979680157136987,0.056347159299130235,0.09997552206303982,0.08306634986083145,-0.07907528439587605,-0.2521820506762714,0.024907722338127432,0.8304374588450107
lyapunov_proxy,-2.595405251740655,0.20079609075034355,1.964433222660688,-0.7997752924003987,0.11697600845952426,-0.21125692438914814,-0.22662360971131068,-0.3705067799144568,0.6553376365097572,-0.9386250996331589,-0.7827844725614895,0.5678409532070863,1.0294177894594725,1.0280332929330867,-0.5703707376497344,0.51398334931378,1.646589111452436,-1.8428291591610708,-0.513131584229525,-0.008764510260790281,0.11593445816859665,-0.06195864570370117,-0.07369388596303707,-0.03230139458034355,-0.08208208834004009,0.14311399397570607,-0.06195864570434797,-0.0846230798496411,-0.01165128079807077,-0.030637910335468806,0.011742819855250561,-0.02619201960176349,-0.032301394580295274,0.055298780765480504,0.25227281492219955,0.021703894645254584
convective_ratio,-2.624150899071934,-2.587408614560683,3.929087993592906,-0.17564902762510742,0.13190498455506286,0.26393456090070355,-0.09514985455765365,0.2698605505002182,-0.12292326124634416,-2.7063221861950457,-0.20419308035392317,4.292287444197886,2.6964491008514657,0.34873453643206026,-3.7441926443591957,0.1369504302981322,0.49084536166286036,-0.5102724593010853,0.3909500363579413,-0.0048791347351845584,0.06469141507059256,-0.0017715562572299586,-0.06949892974860451,0.006951615761875082,-0.0538667113201083,0.07984531429515979,-0.0017715562574388483,-0.04233673926089462,-0.0726327938446727,0.05349668187920115,0.01844022014613711,-0.04381463136576097,0.006951615762175772,0.06547016409155257,0.07526557781322157,-0.2652754214408024
contact_order,-3.058473289525495,1.784288078933382,1.2879244561283132,0.19414480286757854,0.28247141901048095,-0.45475857045372564,-0.050500255155073163,-0.0935981284634743,0.18765532105676014,0.18638047755090265,1.0419379641710047,-0.905366646794474,0.3149708094617109,0.3792627104695706,-0.6716433700712436,0.45583392898077163,1.452051181476161,-1.5566745241013982,0.0022198038559463635,-0.0012558114369018187,-0.0020460767743841557,-0.0564417436493436,-0.045864503118992934,0.4283490706852104,0.09691465943137675,-0.0010146022741572647,-0.056441743649663756,-0.007308737572721051,-0.004325941761179687,-0.14287841860508557,-0.15316743600973337,0.0673596247023345,0.4283490706785302,0.2982675675377133,0.05032347982619932,-0.00017932635585728648
clustering_coeff,0.0,0.0,0.0,0.0,0.0,0.0,0.0,0.0,0.0,0.0,0.0,0.0,0.0,0.0,0.0,0.0,0.0,0.0,0.0,0.0,0.0,0.0,0.0,0.0,0.0,0.0,0.0,0.0,0.0,0.0,0.0,0.0,0.0,0.0,0.0,0.0
modularity,0.0,0.0,0.0,0.0,0.0,0.0,0.0,0.0,0.0,0.0,0.0,0.0,0.0,0.0,0.0,0.0,0.0,0.0,0.0,0.0,0.0,0.0,0.0,0.0,0.0,0.0,0.0,0.0,0.0,0.0,0.0,0.0,0.0,0.0,0.0,0.0
betweenness_cv,0.0,0.0,0.0,0.0,0.0,0.0,0.0,0.0,0.0,0.0,0.0,0.0,0.0,0.0,0.0,0.0,0.0,0.0,0.0,0.0,0.0,0.0,0.0,0.0,0.0,0.0,0.0,0.0,0.0,0.0,0.0,0.0,0.0,0.0,0.0,0.0
