n,AA,Rg_mean,Rg_std,Ree_mean,Ree_std,CO_mean,CO_std
4,E,1.3540498,6.5375757,3.0667868,14.323473,0.41298333333333337,0.018792795605408658
4,G,1.3798509,7.737848,3.2890227,18.36021,0.4129166666666667,0.020450651986346713
4,K,1.746867,8.413214,3.99553,18.80723,0.4123333333333334,0.02376037784959565
4,L,0.41927028,1.1104861,0.9787915,2.2442424,0.416,0.010519822558706336
4,S,0.7866914,5.369088,1.8407972,12.400819,0.416,0.007423685817106699
5,E,0.7906334,3.8743045,1.9178554,9.635185,0.3983333333333333,0.012583057392117916
5,G,0.76400083,2.6713269,1.8268191,6.271194,0.3983333333333333,0.013924399049470284
5,K,1.5485054,7.648955,3.6288192,17.020956,0.39666666666666667,0.019550504398153576
5,L,0.92461574,5.0610623,2.3025496,12.893458,0.3983333333333334,0.013924399049470286
5,S,0.55271536,2.0639236,1.3297454,5.189189,0.3994666666666667,0.005938948653685355
6,E,1.0652026,4.0828424,2.7162266,10.886576,0.38631746031746034,0.014450164574696986
6,G,0.6622114,1.7684671,1.6055137,4.7190404,0.38765873015873026,0.010342536681287588
6,K,1.4494792,6.741284,3.772717,18.094648,0.38609523809523816,0.017147442067647903
6,L,0.56479,1.6272839,1.4115592,4.4074783,0.38844444444444454,0.004949123878071134
6,S,0.6336445,2.0899074,1.5384253,5.656778,0.3880000000000001,0.006970838729492502
7,E,0.5714084,1.3041587,1.4515004,3.7426755,0.38076190476190475,0.0030056635882018054
7,G,0.79344493,3.8682318,2.0069115,11.090545,0.38057142857142856,0.004242106181203819
7,K,1.4546326,6.747489,3.864886,18.544096,0.37913419913419916,0.011651054939430437
7,L,0.54179734,0.9413373,1.3329458,2.139243,0.3805194805194806,0.006831053609549566
7,S,0.96877956,4.4448977,2.528632,12.71523,0.37994805194805203,0.0085470991456839
8,E,1.2119348,5.233354,3.0138516,12.753649,0.37180448717948716,0.021898847243669646
8,G,0.83116615,3.303793,2.1137657,10.002493,0.37429166666666663,0.006967309579585064
8,K,1.0671059,5.159171,2.651056,11.19491,0.3730561111111111,0.014059038314669085
8,L,0.662953,2.3814206,1.5890332,5.1303167,0.37427777777777776,0.011396474438598524
8,S,0.5373314,0.45220464,1.2703186,1.4496562,0.3746666666666667,0.0037118429085533497
9,E,0.8211056,1.6520267,2.1790342,5.1906486,0.3687996632996633,0.012317637895010034
9,G,0.6972628,1.0731688,1.6595246,3.2776413,0.3697037037037037,0.008500463958934645
9,K,1.1958386,4.6056814,3.4299924,14.670992,0.3697777777777777,0.004647225819661672
9,L,0.5401001,0.09472906,1.3736738,0.38188723,0.37037037037037035,5.551115123125783e-17
9,S,0.55280906,0.17614399,1.3101755,0.70625156,0.3702222222222222,0.002337738346379189
10,E,0.9659497,2.8397956,2.6564093,9.338169,0.36504233249229034,0.011875006984127842
10,G,0.88133484,2.3562157,2.2056737,6.072151,0.3659471885678781,0.006025166609924362
10,K,0.92148054,1.6569737,2.51891,5.4766154,0.3650753246753246,0.014523606452732239
10,L,0.5564448,0.10033505,1.5496618,0.37160006,0.36666666666666664,0.0
10,S,0.58206695,0.10350162,1.3731085,0.52316165,0.36666666666666664,0.0
11,E,1.1798749,3.920582,3.462722,13.722629,0.36249696969696976,0.010977321977428888
11,G,1.0003715,2.1658902,2.7041237,7.5827904,0.3621465175750891,0.012207547400741252
11,K,1.2117023,2.2240312,3.262604,6.0501347,0.3597173288047593,0.021701727576513067
11,L,0.57733935,0.10091292,1.6718359,0.34550375,0.36363636363636365,0.0
11,S,0.6195051,0.110159,1.4680408,0.57321864,0.36363636363636365,0.0
12,E,0.8973489,1.2605036,2.4418268,4.3362837,0.35957520481310795,0.01245700303563758
12,G,0.91789466,1.56587,2.4662774,5.740328,0.3606374269005847,0.003736238042492373
12,K,1.6027966,3.5280418,4.812866,12.511367,0.3571643904862085,0.01967760480307967
12,L,0.5862323,0.060743872,1.7362874,0.22122192,0.3611111111111111,0.0
12,S,0.72645855,0.7292406,1.8310815,2.7034812,0.36088888888888887,0.0024745619390355664
13,E,1.0775651,1.7254566,3.0815237,6.1049294,0.35783386061646927,0.006778923263802797
13,G,0.9384349,1.6791763,2.4686778,6.4790325,0.35876923076923073,0.0022842110206482157
13,K,1.8461831,4.0781374,5.134307,11.592911,0.3524061347395275,0.027625102893192702
13,L,0.6182422,0.05805639,1.8723172,0.20392099,0.3589743589743589,5.551115123125783e-17
13,S,0.85025245,1.4620677,2.2977211,5.6034865,0.35866666666666663,0.0027919297618084534
14,E,0.9790066,1.4812651,2.660967,5.6188526,0.35579991426428037,0.0122753646487538
14,G,0.949785,0.92460316,2.373442,3.5128446,0.3562979242979243,0.009769012158579683
14,K,1.9579933,3.9708772,5.6876273,13.097834,0.3492005528551352,0.030689153262821286
14,L,0.64615375,0.030693017,2.008174,0.10886016,0.3571428571428571,5.551115123125783e-17
14,S,0.73108387,0.13982478,1.7992295,0.6654799,0.3571428571428571,5.551115123125783e-17
15,E,0.8828719,0.27561837,2.3184354,1.0878779,0.355137037037037,0.005381828134943928
15,G,0.9961068,1.1603205,2.4251404,3.207084,0.35418831225419456,0.011569779798030047
15,K,2.9427817,7.1611023,8.740941,23.388227,0.3430774459530373,0.03968871028447647
15,L,0.6841384,0.020934843,2.1247191,0.11712939,0.35555555555555557,5.551115123125783e-17
15,S,0.78486574,0.1585676,1.9514619,0.7741753,0.35555555555555557,5.551115123125783e-17
16,E,1.3007772,2.190532,3.797148,8.422937,0.35170351895092905,0.01446097269140957
16,G,1.0061566,0.6823105,2.586626,2.9648693,0.3537666666666667,0.004113797920818832
16,K,1.9123678,3.3828647,5.1029706,9.750634,0.34498586212679777,0.03507971891679642
16,L,0.7210799,0.03512219,2.2399101,0.1803816,0.35416666666666663,5.551115123125783e-17
16,S,0.7968595,0.16826476,1.9068245,0.78877324,0.35416666666666663,5.551115123125783e-17
17,E,1.1699072,1.4649764,3.3548286,6.375809,0.35226625386996896,0.004382902348473969
17,G,0.99404156,0.3186569,2.408064,1.2887456,0.35277469478357376,0.002627036709998806
17,K,2.0449896,3.9253235,5.6200447,13.394755,0.3440291267873723,0.031986252679267385
17,L,0.75732756,0.013848695,2.4233327,0.11313598,0.3529411764705882,5.551115123125783e-17
17,S,0.84198254,0.18289198,2.1203647,0.8316124,0.3529411764705882,5.551115123125783e-17
18,E,1.3672976,3.1640463,4.0846143,13.36565,0.35124145100938814,0.004965711756529304
18,G,1.1186647,0.43029365,2.8099957,1.5436069,0.3505890772039462,0.011275199978044288
18,K,2.269101,4.045542,6.0911436,11.380557,0.3413665696696635,0.0365326117015111
18,L,0.7991016,0.036907442,2.5620928,0.17108926,0.3518518518518519,5.551115123125783e-17
18,S,0.90417343,0.52259505,2.328418,2.4216688,0.35177777777777786,0.0011688691731895943
19,E,1.2615967,1.537108,3.379966,3.7905617,0.3489241012823655,0.014781622763596429
19,G,1.1700982,0.74835604,3.0951161,3.5561879,0.35073684210526324,0.0015628812246540457
19,K,2.195934,3.380785,5.8575225,11.240594,0.33608635434792755,0.04246950282494946
19,L,0.83647573,0.012702281,2.6825995,0.10312996,0.35087719298245623,5.551115123125783e-17
19,S,0.9393006,0.22391978,2.3816726,1.0429243,0.35087719298245623,5.551115123125783e-17
20,E,1.0706519,0.37582952,2.8014185,1.6897677,0.3497138095238095,0.00282518030648883
20,G,1.215188,0.8529332,3.1975503,4.017459,0.3495989649748051,0.003050870361978792
20,K,2.543134,3.5601442,6.9526663,10.078159,0.333931896578912,0.04405664196739133
20,L,0.8748446,0.014687512,2.820044,0.12751368,0.35,0.0
20,S,0.97556716,0.22810759,2.440334,1.0484273,0.35,0.0
21,E,1.2484688,1.0173757,3.480324,4.3711796,0.3477858598499826,0.01118247594522346
21,G,1.3680046,1.2134783,3.8599994,5.3544445,0.34780156636497284,0.00980394873832653
21,K,2.8701954,4.171663,7.3877296,11.084852,0.3252190710216828,0.05270416256335733
21,L,0.91460484,0.011832039,2.982975,0.079371944,0.3492063492063492,0.0
21,S,1.0198281,0.30669147,2.643892,1.4359016,0.3491428571428571,0.001001887862733936
22,E,1.3464448,0.872774,3.4588432,2.2357576,0.3450711718055336,0.019776155192737826
22,G,1.2924579,0.86971486,3.4097037,3.9671335,0.3470857759802926,0.013770707472185626
22,K,3.192105,3.8984818,8.621084,12.388919,0.3212794621791393,0.05520293715243628
22,L,0.95449156,0.0126314275,3.10644,0.09320679,0.34848484848484856,5.551115123125783e-17
22,S,1.049602,0.2443879,2.6766586,1.0837638,0.34848484848484856,5.551115123125783e-17
23,E,1.2747287,0.7901234,3.2491283,1.7533714,0.3473434321914835,0.004668942761335149
23,G,1.345527,0.7233886,3.5741084,3.3050985,0.34615306078836283,0.013978656119095954
23,K,2.8113422,2.8633173,7.496619,8.983679,0.3235238205799884,0.05245970846498937
23,L,0.9939156,0.015471566,3.2336493,0.12560314,0.3478260869565217,5.551115123125783e-17
23,S,1.0521625,0.24709645,2.6916583,1.1364912,0.3478260869565217,5.551115123125783e-17
24,E,1.3835258,1.0129902,3.6528368,2.8102212,0.3435325785262652,0.020615700369847407
24,G,1.385247,0.6195457,3.6646104,2.4410973,0.34524161110555357,0.015085335349117657
24,K,2.9181573,3.5601935,8.155386,12.33543,0.3231738408234718,0.05159789856117254
24,L,1.0329773,0.016485358,3.3961713,0.13834643,0.34722222222222227,0.0
24,S,1.10113,0.26288116,2.7647717,1.2082572,0.34722222222222227,0.0
25,E,1.4321771,1.2117578,4.0062737,5.679116,0.34423049863876404,0.017166248660824435
25,G,1.4115571,0.6717437,3.744306,3.4780996,0.34646716723549487,0.0015759392678714199
25,K,3.4838145,3.839354,9.046993,10.156568,0.3132836656032781,0.059588226273868346
25,L,1.0734293,0.012704144,3.5435772,0.094027825,0.3466666666666666,0.0
25,S,1.1257772,0.2786027,2.8467395,1.2620304,0.3466666666666666,0.0
26,E,1.3483155,0.9027244,3.7688804,4.6545215,0.34529038444591115,0.008995940388058354
26,G,1.4052324,0.4499391,3.5542872,1.9037399,0.34566037028105995,0.0056527605108842765
26,K,3.4515746,3.656101,8.591497,9.095041,0.3085032278456406,0.06274344202173515
26,L,1.1153381,0.012845641,3.672894,0.08776545,0.3461538461538462,5.551115123125783e-17
26,S,1.1828022,0.2758648,3.0240874,1.2268525,0.3461538461538462,5.551115123125783e-17
27,E,1.3728652,0.5218127,3.6887221,1.5953727,0.3437152132703435,0.015628524622454874
27,G,1.5384883,0.686581,4.023988,2.684798,0.344874235820944,0.005324658781492622
27,K,2.954716,2.8177645,7.927362,10.165584,0.3176894293475672,0.05514610211126213
27,L,1.1542194,0.013561187,3.813771,0.09236992,0.3456790123456791,5.551115123125783e-17
27,S,1.2161018,0.33581704,3.1071417,1.4433876,0.3456585781183483,0.00032244666846609964
28,E,1.5316379,1.0402071,4.1482773,3.2191296,0.34183406593026644,0.020396355741983844
28,G,1.7932446,1.6763269,5.116308,8.377916,0.3414703133155552,0.019920899319183373
28,K,3.4943814,3.4561548,8.829678,8.829445,0.30761318717679653,0.0657344377162523
28,L,1.1946192,0.012916954,3.970043,0.08232355,0.34523809523809523,0.0
28,S,1.3013667,0.41172877,3.4198945,1.6345987,0.34480952380952384,0.006762743073454069
29,E,1.5292382,1.080103,4.1007204,3.568005,0.34072180714523587,0.023236499187782065
29,G,1.6028439,0.5682226,4.138343,2.1201155,0.34368462499747504,0.011004676919933178
29,K,3.6882114,3.2302577,9.319618,8.576013,0.30169130532599037,0.0656751756605999
29,L,1.2346033,0.014559035,4.1046257,0.086003944,0.34482758620689663,5.551115123125783e-17
29,S,1.3055133,0.39735237,3.4496777,1.8420593,0.344649369850757,0.0016673415512908688
30,E,1.5388482,0.94161916,4.169988,2.8796613,0.34152265046086744,0.018936128351641615
30,G,1.6693984,0.70018804,4.393418,2.5974784,0.3423733530873876,0.014563443466136982
30,K,4.277278,4.485552,11.3786955,12.648957,0.29508706853780253,0.07013344415999967
30,L,1.2722113,0.017704237,4.2170014,0.109903656,0.34444444444444444,0.0
30,S,1.3270311,0.3705739,3.4436457,1.6325063,0.3442188312837902,0.002833565747987796
31,E,1.5213498,0.73396915,4.0158606,2.275965,0.3418995468999924,0.015069944373721453
31,G,1.6534041,0.61353356,4.177875,2.368037,0.3426508649902535,0.009762503414907414
31,K,3.531617,2.7523167,8.991998,7.423908,0.3027360773231062,0.0636839757144716
31,L,1.3128564,0.014909348,4.3752656,0.08319431,0.34408602150537637,5.551115123125783e-17
31,S,1.3777335,0.41161865,3.5509326,1.6700311,0.34397390029325514,0.0017692428848733368
32,E,1.6117878,0.82534134,4.433561,3.1128361,0.3416001827853628,0.01436857406691811
32,G,1.7098584,0.81024057,4.579712,3.5268252,0.3428678612891172,0.004257864270306059
32,K,3.8298457,3.306569,9.9428215,10.149371,0.3019260072848016,0.06272851425181201
32,L,1.352124,0.01658874,4.5191917,0.09173554,0.34375,0.0
32,S,1.3448474,0.40976313,3.4204855,1.7068069,0.34373026315789473,0.00021978017221697586
33,E,1.6136848,0.9608486,4.3880234,2.7640145,0.33921723744656823,0.023144710090888213
33,G,1.7721243,0.67852026,4.6401033,2.7082617,0.34007122589080674,0.015910846982822205
33,K,3.2581422,2.5705812,8.393812,7.454965,0.3083058555007076,0.059573094010825126
33,L,1.3924232,0.016463058,4.644234,0.09905414,0.3434343434343434,0.0
33,S,1.4174495,0.41543835,3.6570268,1.732174,0.34340321734245394,0.0003507452989733096
34,E,1.5529882,0.62171084,4.253045,2.0161824,0.3411360724013864,0.016260954831895272
34,G,1.7642422,0.67926925,4.517225,3.1358898,0.3405679886635615,0.013075820504516772
34,K,3.3666735,2.8361151,8.51599,7.5981345,0.30739489656664376,0.05993467139950998
34,L,1.4344412,0.01904167,4.7876935,0.1508326,0.3431372549019608,0.0
34,S,1.4649779,0.46055537,3.6627824,1.923652,0.34282405800695415,0.0020489088440769246
35,E,1.6787955,1.5791575,4.942606,9.321364,0.3415394955191607,0.012895652540724547
35,G,1.7917593,0.7503004,4.5067687,2.6206408,0.3389282430067998,0.015818608043189002
35,K,3.294312,2.2505422,8.291793,5.9456367,0.3062728138328278,0.05895593336270203
35,L,1.4737209,0.018958079,4.9361386,0.10931688,0.3428571428571429,5.551115123125783e-17
35,S,1.4674083,0.51823825,3.65729,2.0692976,0.3422640070602923,0.006186799909209337
36,E,1.6605115,1.0972856,4.8148603,6.1957555,0.34041411011975276,0.015990563647058947
36,G,1.8997214,0.78001434,4.9319353,3.1632564,0.337418871425868,0.020466893805793595
36,K,3.5961637,2.979246,9.566924,10.911926,0.3044981945303042,0.058399465975967964
36,L,1.515218,0.031912334,5.0804834,0.19852842,0.3425925925925926,0.0
36,S,1.5642462,0.511061,4.0205393,2.0087204,0.3419412817829772,0.005499089307932503
37,E,1.6122754,0.7772551,4.514371,4.220825,0.3413573134474583,0.010412710424302113
37,G,1.9113746,0.6605195,4.9643974,2.453398,0.33871483593388024,0.014922759932735763
37,K,3.7226086,2.762006,9.320948,6.5364256,0.29609101279116967,0.06483183219196714
37,L,1.5525645,0.021160709,5.185786,0.16813901,0.34234234234234234,0.0
37,S,1.5263634,0.5410006,3.9007463,2.103404,0.3410642002205685,0.007971977317112295
38,E,1.6862912,0.77617216,4.668398,3.364862,0.33910214679952333,0.020147464296621682
38,G,1.8380066,0.885998,4.802918,4.7092943,0.33763133008949686,0.014779526773403207
38,K,3.7572281,2.6325788,9.70789,7.4843907,0.2958976383751855,0.06361977275124985
38,L,1.5950732,0.023805225,5.351595,0.14945412,0.34210526315789475,0.0
38,S,1.640285,0.5826791,4.1578517,2.2093744,0.3405794782398085,0.009615311620093636
39,E,1.6748613,0.72104263,4.668165,3.2896607,0.3405478744313696,0.013156617048782949
39,G,1.7675363,0.7820141,4.360501,3.5629075,0.3389067351462116,0.013341510657323306
39,K,3.6544333,2.5060322,9.456733,7.8944607,0.29619245664405547,0.06317703955561671
39,L,1.6381147,0.04135724,5.5216727,0.23431332,0.3418288470404653,0.0008125748672859669
39,S,1.558492,0.5110913,3.712438,2.0792742,0.3409500375079282,0.005721928527521213
40,E,1.9048743,1.9671979,5.9465117,12.508622,0.33949418725022984,0.012990132944065957
40,G,1.8696414,1.272641,4.9401197,7.582676,0.33793151985863257,0.01215928168027571
40,K,3.5278285,2.2182744,9.093433,7.3325534,0.29730104703929805,0.06175251745090813
40,L,1.6702486,0.060570277,5.6016083,0.35578895,0.34166666666666673,5.551115123125783e-17
40,S,1.7719034,1.6062814,4.81408,10.509596,0.3399717785158817,0.007881119504143786
41,E,1.6549724,0.33731616,4.6100926,1.7036389,0.341240020101816,0.0018762455747711351
41,G,1.810664,0.76298237,4.5171027,2.7484572,0.33686341574278006,0.014705039873791667
41,K,3.736197,2.3866584,9.589766,7.089357,0.2934916450339917,0.062490431480707376
41,L,1.7124648,0.022062996,5.7612596,0.10353494,0.3414634146341463,5.551115123125783e-17
41,S,1.6145474,0.5971354,4.0199385,2.5081427,0.34017672476879207,0.005972761555732042
42,E,1.7013571,0.39829043,4.7370863,1.7648345,0.3407325489699134,0.004161920477145904
42,G,1.8019785,0.7597266,4.4065633,2.7692637,0.3363589697674822,0.014627266445915894
42,K,3.7221153,2.1688309,9.711917,6.87604,0.29632378677338456,0.05860979967622796
42,L,1.7559732,0.023852272,5.9221315,0.10061108,0.34126984126984133,5.551115123125783e-17
42,S,1.5602356,0.6237168,3.6618078,2.280563,0.3388678626901306,0.011392968902213078
43,E,1.760314,0.6393495,4.833986,1.8976219,0.3382000336730898,0.018156273284263537
43,G,1.7229072,0.7530906,4.0754304,3.1341836,0.33737550971944347,0.01554935794044598
43,K,3.9775887,2.8509364,9.91269,7.5092382,0.2899182684429906,0.06171798882771496
43,L,1.7913364,0.04516688,6.0400486,0.32852182,0.3410852713178295,5.551115123125783e-17
43,S,1.5773888,0.613284,3.8158514,2.44689,0.3393374085563438,0.009554946747506229
44,E,1.7789174,0.530259,5.1698623,1.8428639,0.33908308064148945,0.014739083439368349
44,G,1.8155816,0.8045502,4.373361,3.4579113,0.3369683811775217,0.015563379816123902
44,K,3.7428174,2.0810893,9.534542,5.5677614,0.2921966007119155,0.06044897047589291
44,L,1.8306261,0.048009407,6.1702485,0.28988636,0.3409090909090909,0.0
44,S,1.6007059,0.5674809,3.633953,2.2438028,0.33975012354388595,0.0073109055170850834
45,E,1.804488,0.47454253,5.203983,2.2581306,0.3387956551037219,0.015593707307359355
45,G,1.5666519,0.6533919,3.4564614,2.192282,0.33828190129182883,0.014421155074200604
45,K,3.9999785,2.4450603,10.087902,7.9662347,0.2857120905432646,0.06341459824795605
45,L,1.875275,0.024242885,6.33005,0.14004216,0.3407407407407407,5.551115123125783e-17
45,S,1.5962645,0.58679575,3.623659,2.1443272,0.33875405469800585,0.011506272702786747
46,E,1.8447009,0.6660289,5.619967,4.3106575,0.3396748668684497,0.008787530310881106
46,G,1.6545047,0.6602784,3.8865213,2.6092556,0.3382149420224849,0.009974102749003533
46,K,3.8368857,2.240021,10.206055,8.053484,0.29083469141728335,0.059076696325781754
46,L,1.9146987,0.025852777,6.480652,0.13737923,0.3405797101449276,5.551115123125783e-17
46,S,1.6473067,0.7434576,3.845184,2.6498086,0.337118004906244,0.015933964535015607
47,E,1.8274983,0.3670971,5.3392324,1.8408594,0.3395982090013848,0.009740435925479546
47,G,1.70246,0.86987287,4.279254,4.4872847,0.3376917414613619,0.014513632825943746
47,K,4.143636,2.5348492,10.615281,6.709212,0.2825812188623308,0.06147972178228089
47,L,1.9475232,0.06983825,6.567745,0.41653967,0.34042553191489355,5.551115123125783e-17
47,S,1.700308,0.61599016,4.108634,2.316939,0.33788078183459275,0.0114200854099845
48,E,1.9239575,0.5571382,5.6527176,2.0485835,0.338202407393237,0.015127950772995905
48,G,1.598321,0.64642125,3.6661432,2.9110024,0.3381140820471826,0.011700612830919102
48,K,4.0135436,2.3744595,10.348519,8.775692,0.28542544823555205,0.0631884781100635
48,L,1.9786319,0.102721944,6.657663,0.55172276,0.34027777777777773,0.0
48,S,1.6257448,0.5859248,3.575615,2.2182226,0.3390372935098017,0.005736747689741571
49,E,1.8437988,0.37681153,5.4250126,1.928384,0.33898488492429,0.006394825045167745
49,G,1.6240268,0.68270797,3.7191436,2.4958434,0.33794538281062503,0.012873616817226324
49,K,4.521757,2.6198637,11.568004,6.9924474,0.26838677904612435,0.0642599215634295
49,L,2.0304532,0.062503785,6.8663907,0.3289219,0.3401360544217687,5.551115123125783e-17
49,S,1.658945,0.6322136,3.7729144,2.3617156,0.33774408586034477,0.010551838112270225
50,E,1.9139209,0.43472472,5.8192434,2.437332,0.33903048698208493,0.007061992147232913
50,G,1.6021887,0.61559606,3.784165,2.620321,0.33853645829347795,0.006303844559946255
50,K,4.483209,2.4537842,11.585983,6.6244793,0.26960004077750316,0.06469451952887903
50,L,2.0750058,0.06266554,7.008812,0.38205862,0.33999999999999997,5.551115123125783e-17
50,S,1.6056325,0.62836355,3.4569955,2.3122408,0.33715955651170537,0.013513130066021242
