aa,n,kd,Rg_mean_A,Ree_mean_A
A,4,1.8,0.4902881681919098,1.186858892440796
A,5,1.8,0.6780640482902527,1.6701704263687134
A,6,1.8,0.7253275513648987,1.8325891494750977
A,7,1.8,0.5809479355812073,1.5032321214675903
A,8,1.8,0.6756910085678101,1.7851111888885498
A,9,1.8,0.6760254502296448,1.8118976354599
A,10,1.8,0.907140851020813,2.6005859375
A,11,1.8,1.111234426498413,3.308634042739868
A,12,1.8,0.904228150844574,2.598804473876953
A,13,1.8,0.9675388336181641,2.7379963397979736
A,14,1.8,0.9733437895774841,2.8509294986724854
A,15,1.8,0.9588221311569214,2.7617006301879883
A,16,1.8,0.9595272541046143,2.7710697650909424
A,17,1.8,0.9628974199295044,2.776217222213745
A,18,1.8,1.02761709690094,3.0498037338256836
A,19,1.8,1.154469609260559,3.5895657539367676
A,20,1.8,1.0950722694396973,3.354172468185425
A,21,1.8,1.0909894704818726,3.334869384765625
A,22,1.8,1.0911664962768555,3.348736047744751
A,23,1.8,1.1165473461151123,3.387075662612915
A,24,1.8,1.1551411151885986,3.559197187423706
A,25,1.8,1.2398847341537476,3.970571279525757
A,26,1.8,1.200197696685791,3.761352062225342
A,27,1.8,1.2508090734481812,3.9085114002227783
A,28,1.8,1.2816029787063599,4.0239033699035645
A,29,1.8,1.294742226600647,4.124612331390381
A,30,1.8,1.3336068391799927,4.311137676239014
A,31,1.8,1.376043677330017,4.473781585693359
A,32,1.8,1.3800849914550781,4.458258628845215
A,33,1.8,1.422488808631897,4.613142490386963
A,34,1.8,1.4723156690597534,4.75919246673584
A,35,1.8,1.5189627408981323,4.991069316864014
A,36,1.8,1.5472887754440308,5.068975448608398
A,37,1.8,1.5905396938323975,5.249154090881348
A,38,1.8,1.6421369314193726,5.483064651489258
A,39,1.8,1.664723515510559,5.523726463317871
A,40,1.8,1.698215126991272,5.662423610687256
A,41,1.8,1.742358922958374,5.7920427322387695
A,42,1.8,1.7817695140838623,5.925612449645996
A,43,1.8,1.8341729640960693,6.194884300231934
A,44,1.8,1.859155297279358,6.213432312011719
A,45,1.8,1.913606882095337,6.422783851623535
A,46,1.8,1.940581202507019,6.519597053527832
A,47,1.8,1.9771696329116821,6.601672649383545
A,48,1.8,2.018606662750244,6.776817321777344
A,49,1.8,2.0662777423858643,6.930154323577881
A,50,1.8,2.1215555667877197,7.17634391784668
V,4,4.2,0.559144914150238,1.3273859024047852
V,5,4.2,0.49403417110443115,1.2394211292266846
V,6,4.2,0.4753643274307251,1.184118628501892
V,7,4.2,0.5839625597000122,1.4565560817718506
V,8,4.2,0.6380017995834351,1.634578824043274
V,9,4.2,0.6457406282424927,1.6668682098388672
V,10,4.2,0.7433497309684753,2.015679121017456
V,11,4.2,0.979191780090332,2.7770557403564453
V,12,4.2,0.7869475483894348,2.1022610664367676
V,13,4.2,0.8126314282417297,2.2012500762939453
V,14,4.2,0.9292856454849243,2.663381338119507
V,15,4.2,0.9446128606796265,2.729377269744873
V,16,4.2,0.8671697974205017,2.4549920558929443
V,17,4.2,0.8925842046737671,2.59586238861084
V,18,4.2,0.9716838002204895,3.01283860206604
V,19,4.2,0.9170743227005005,2.705625534057617
V,20,4.2,0.9466989636421204,2.867659091949463
V,21,4.2,0.988901674747467,3.0041275024414062
V,22,4.2,0.9951949119567871,3.036444902420044
V,23,4.2,1.0421733856201172,3.1490883827209473
V,24,4.2,1.0597238540649414,3.1940059661865234
V,25,4.2,1.0987297296524048,3.4225332736968994
V,26,4.2,1.1303260326385498,3.5202581882476807
V,27,4.2,1.1670697927474976,3.653411626815796
V,28,4.2,1.1949607133865356,3.6959404945373535
V,29,4.2,1.2449626922607422,3.949368715286255
V,30,4.2,1.2644667625427246,3.94167423248291
V,31,4.2,1.3058058023452759,4.089443683624268
V,32,4.2,1.3302607536315918,4.156139850616455
V,33,4.2,1.3708332777023315,4.31008243560791
V,34,4.2,1.4198362827301025,4.4885663986206055
V,35,4.2,1.4477639198303223,4.582901477813721
V,36,4.2,1.4810539484024048,4.672348499298096
V,37,4.2,1.5254409313201904,4.86069917678833
V,38,4.2,1.5365570783615112,4.786893367767334
V,39,4.2,1.5675749778747559,4.863330364227295
V,40,4.2,1.6228171586990356,5.13850212097168
V,41,4.2,1.6426513195037842,5.211244106292725
V,42,4.2,1.7007248401641846,5.41950798034668
V,43,4.2,1.6996135711669922,5.305648326873779
V,44,4.2,1.7290024757385254,5.4002685546875
V,45,4.2,1.7857799530029297,5.590864181518555
V,46,4.2,1.8259718418121338,5.742497444152832
V,47,4.2,1.84894597530365,5.885071277618408
V,48,4.2,1.8688380718231201,5.869983196258545
V,49,4.2,1.9546412229537964,6.303860187530518
V,50,4.2,1.9650156497955322,6.219751834869385
I,4,4.5,0.6168281435966492,1.4605032205581665
I,5,4.5,0.5187047123908997,1.2414238452911377
I,6,4.5,0.4410426616668701,1.1143008470535278
I,7,4.5,0.47684478759765625,1.2448152303695679
I,8,4.5,0.5110511779785156,1.3505314588546753
I,9,4.5,0.6199971437454224,1.7314839363098145
I,10,4.5,0.5702548623085022,1.645177960395813
I,11,4.5,0.7284167408943176,2.1846494674682617
I,12,4.5,0.6063185334205627,1.7789291143417358
I,13,4.5,0.6283568739891052,1.9111204147338867
I,14,4.5,0.6586039066314697,2.0395700931549072
I,15,4.5,0.7022709846496582,2.1649351119995117
I,16,4.5,0.7876168489456177,2.535402774810791
I,17,4.5,0.7636590003967285,2.4311234951019287
I,18,4.5,0.8019520044326782,2.5674843788146973
I,19,4.5,0.9413835406303406,3.140915870666504
I,20,4.5,0.8783032298088074,2.8336853981018066
I,21,4.5,0.9179612398147583,2.9864754676818848
I,22,4.5,0.9575633406639099,3.1119062900543213
I,23,4.5,0.9992443919181824,3.2520434856414795
I,24,4.5,1.0540378093719482,3.4984827041625977
I,25,4.5,1.080750823020935,3.5674781799316406
I,26,4.5,1.1199511289596558,3.6838178634643555
I,27,4.5,1.161586880683899,3.8240678310394287
I,28,4.5,1.1998852491378784,3.9860329627990723
I,29,4.5,1.238864779472351,4.106697082519531
I,30,4.5,1.2761701345443726,4.224026203155518
I,31,4.5,1.317486047744751,4.37770414352417
I,32,4.5,1.3524701595306396,4.500694751739502
I,33,4.5,1.3841594457626343,4.599199295043945
I,34,4.5,1.420013189315796,4.719443321228027
I,35,4.5,1.4537907838821411,4.843892574310303
I,36,4.5,1.4986933469772339,5.003118515014648
I,37,4.5,1.5378063917160034,5.142200946807861
I,38,4.5,1.5735952854156494,5.255187034606934
I,39,4.5,1.6085808277130127,5.3864827156066895
I,40,4.5,1.6409202814102173,5.483130931854248
I,41,4.5,1.6881153583526611,5.664658546447754
I,42,4.5,1.725665807723999,5.80225133895874
I,43,4.5,1.7599722146987915,5.918763160705566
I,44,4.5,1.7755390405654907,5.89572286605835
I,45,4.5,1.8088144063949585,6.0255208015441895
I,46,4.5,1.8546338081359863,6.227677822113037
I,47,4.5,1.856332540512085,6.141250133514404
I,48,4.5,1.9189711809158325,6.453255653381348
I,49,4.5,1.9170490503311157,6.340245246887207
I,50,4.5,2.0591177940368652,7.204378128051758
F,4,2.8,0.6138885617256165,1.457445502281189
F,5,2.8,0.41733500361442566,0.989456295967102
F,6,2.8,0.6467267870903015,1.6648815870285034
F,7,2.8,0.47318822145462036,1.2288357019424438
F,8,2.8,0.49209997057914734,1.311650276184082
F,9,2.8,0.4988645017147064,1.3968349695205688
F,10,2.8,0.5192207098007202,1.5278064012527466
F,11,2.8,0.5463393330574036,1.6204417943954468
F,12,2.8,0.5772534012794495,1.701751470565796
F,13,2.8,0.6121281981468201,1.8727372884750366
F,14,2.8,0.6741687059402466,2.132289409637451
F,15,2.8,0.685373067855835,2.13057279586792
F,16,2.8,0.7225770354270935,2.254788637161255
F,17,2.8,0.7606699466705322,2.431476354598999
F,18,2.8,0.8003972172737122,2.56904935836792
F,19,2.8,0.839735746383667,2.677377939224243
F,20,2.8,0.8806219696998596,2.8413965702056885
F,21,2.8,0.9186837077140808,2.9897778034210205
F,22,2.8,0.9574799537658691,3.1133337020874023
F,23,2.8,0.9989871382713318,3.260669469833374
F,24,2.8,1.0371989011764526,3.4066789150238037
F,25,2.8,1.0767935514450073,3.548982620239258
F,26,2.8,1.1169573068618774,3.670625925064087
F,27,2.8,1.1557265520095825,3.8073604106903076
F,28,2.8,1.1943955421447754,3.957308769226074
F,29,2.8,1.2357878684997559,4.092446804046631
F,30,2.8,1.27375066280365,4.208192348480225
F,31,2.8,1.3121895790100098,4.36436653137207
F,32,2.8,1.3502209186553955,4.512765407562256
F,33,2.8,1.3920572996139526,4.639132976531982
F,34,2.8,1.428037405014038,4.751571178436279
F,35,2.8,1.4697870016098022,4.919595718383789
F,36,2.8,1.511154294013977,5.070617198944092
F,37,2.8,1.547243595123291,5.166406154632568
F,38,2.8,1.5862581729888916,5.311250686645508
F,39,2.8,1.6239111423492432,5.455357551574707
F,40,2.8,1.6646546125411987,5.5918684005737305
F,41,2.8,1.7052717208862305,5.7237958908081055
F,42,2.8,1.741211175918579,5.854513645172119
F,43,2.8,1.7823805809020996,6.028820991516113
F,44,2.8,1.817885160446167,6.102182388305664
F,45,2.8,1.8562138080596924,6.25959587097168
F,46,2.8,1.8901519775390625,6.378328323364258
F,47,2.8,1.9182063341140747,6.467040061950684
F,48,2.8,1.9679497480392456,6.643557548522949
F,49,2.8,1.9934405088424683,6.7247748374938965
F,50,2.8,2.036039113998413,6.872111797332764
